/*
 Navicat PostgreSQL Data Transfer

 Source Server         : loghose
 Source Server Type    : PostgreSQL
 Source Server Version : 150002 (150002)
 Source Host           : localhost:5432
 Source Catalog        : public
 Source Schema         : public

 Target Server Type    : PostgreSQL
 Target Server Version : 150002 (150002)
 File Encoding         : 65001

 Date: 20/04/2023 18:17:01
*/


-- ----------------------------
-- Sequence structure for dashboards_id_seq
-- ----------------------------
DROP SEQUENCE IF EXISTS "public2"."dashboards_id_seq";
CREATE SEQUENCE "public2"."dashboards_id_seq" 
INCREMENT 1
MINVALUE  1
MAXVALUE 9223372036854775807
START 1
CACHE 1;

-- ----------------------------
-- Sequence structure for devices_id_seq
-- ----------------------------
DROP SEQUENCE IF EXISTS "public2"."devices_id_seq";
CREATE SEQUENCE "public2"."devices_id_seq" 
INCREMENT 1
MINVALUE  1
MAXVALUE 9223372036854775807
START 1
CACHE 1;

-- ----------------------------
-- Sequence structure for fields_id_seq
-- ----------------------------
DROP SEQUENCE IF EXISTS "public2"."fields_id_seq";
CREATE SEQUENCE "public2"."fields_id_seq" 
INCREMENT 1
MINVALUE  1
MAXVALUE 9223372036854775807
START 1
CACHE 1;

-- ----------------------------
-- Sequence structure for messages_id_seq
-- ----------------------------
DROP SEQUENCE IF EXISTS "public2"."messages_id_seq";
CREATE SEQUENCE "public2"."messages_id_seq" 
INCREMENT 1
MINVALUE  1
MAXVALUE 9223372036854775807
START 1
CACHE 1;

-- ----------------------------
-- Sequence structure for ph2_devices_id2_seq
-- ----------------------------
DROP SEQUENCE IF EXISTS "public2"."ph2_devices_id2_seq";
CREATE SEQUENCE "public2"."ph2_devices_id2_seq" 
INCREMENT 1
MINVALUE  1
MAXVALUE 9223372036854775807
START 1200
CACHE 1;

-- ----------------------------
-- Sequence structure for ph2_devices_id_seq
-- ----------------------------
DROP SEQUENCE IF EXISTS "public2"."ph2_devices_id_seq";
CREATE SEQUENCE "public2"."ph2_devices_id_seq" 
INCREMENT 1
MINVALUE  1
MAXVALUE 9223372036854775807
START 1
CACHE 1;

-- ----------------------------
-- Sequence structure for ph2_fields_id_seq
-- ----------------------------
DROP SEQUENCE IF EXISTS "public2"."ph2_fields_id_seq";
CREATE SEQUENCE "public2"."ph2_fields_id_seq" 
INCREMENT 1
MINVALUE  1
MAXVALUE 9223372036854775807
START 14
CACHE 1;

-- ----------------------------
-- Sequence structure for ph2_fields_seq
-- ----------------------------
DROP SEQUENCE IF EXISTS "public2"."ph2_fields_seq";
CREATE SEQUENCE "public2"."ph2_fields_seq" 
INCREMENT 1
MINVALUE  1
MAXVALUE 9223372036854775807
START 1
CACHE 1;

-- ----------------------------
-- Sequence structure for ph2_paramset_catalog_seq
-- ----------------------------
DROP SEQUENCE IF EXISTS "public2"."ph2_paramset_catalog_seq";
CREATE SEQUENCE "public2"."ph2_paramset_catalog_seq" 
INCREMENT 1
MINVALUE  1
MAXVALUE 9223372036854775807
START 10
CACHE 1;

-- ----------------------------
-- Sequence structure for ph2_sensor_contents_id_seq
-- ----------------------------
DROP SEQUENCE IF EXISTS "public2"."ph2_sensor_contents_id_seq";
CREATE SEQUENCE "public2"."ph2_sensor_contents_id_seq" 
INCREMENT 1
MINVALUE  1
MAXVALUE 9223372036854775807
START 1
CACHE 1;

-- ----------------------------
-- Sequence structure for ph2_sensor_sizes_id_seq
-- ----------------------------
DROP SEQUENCE IF EXISTS "public2"."ph2_sensor_sizes_id_seq";
CREATE SEQUENCE "public2"."ph2_sensor_sizes_id_seq" 
INCREMENT 1
MINVALUE  1
MAXVALUE 9223372036854775807
START 1
CACHE 1;

-- ----------------------------
-- Sequence structure for ph2_sensors_id2_seq
-- ----------------------------
DROP SEQUENCE IF EXISTS "public2"."ph2_sensors_id2_seq";
CREATE SEQUENCE "public2"."ph2_sensors_id2_seq" 
INCREMENT 1
MINVALUE  1
MAXVALUE 9223372036854775807
START 400
CACHE 1;

-- ----------------------------
-- Sequence structure for ph2_sensors_id_seq
-- ----------------------------
DROP SEQUENCE IF EXISTS "public2"."ph2_sensors_id_seq";
CREATE SEQUENCE "public2"."ph2_sensors_id_seq" 
INCREMENT 1
MINVALUE  1
MAXVALUE 9223372036854775807
START 1
CACHE 1;

-- ----------------------------
-- Sequence structure for sensor_contents_id_seq
-- ----------------------------
DROP SEQUENCE IF EXISTS "public2"."sensor_contents_id_seq";
CREATE SEQUENCE "public2"."sensor_contents_id_seq" 
INCREMENT 1
MINVALUE  1
MAXVALUE 9223372036854775807
START 1
CACHE 1;

-- ----------------------------
-- Sequence structure for sensor_deps_id_seq
-- ----------------------------
DROP SEQUENCE IF EXISTS "public2"."sensor_deps_id_seq";
CREATE SEQUENCE "public2"."sensor_deps_id_seq" 
INCREMENT 1
MINVALUE  1
MAXVALUE 9223372036854775807
START 1
CACHE 1;

-- ----------------------------
-- Sequence structure for sensor_models_id_seq
-- ----------------------------
DROP SEQUENCE IF EXISTS "public2"."sensor_models_id_seq";
CREATE SEQUENCE "public2"."sensor_models_id_seq" 
INCREMENT 1
MINVALUE  1
MAXVALUE 9223372036854775807
START 1
CACHE 1;

-- ----------------------------
-- Sequence structure for sensor_sizes_id_seq
-- ----------------------------
DROP SEQUENCE IF EXISTS "public2"."sensor_sizes_id_seq";
CREATE SEQUENCE "public2"."sensor_sizes_id_seq" 
INCREMENT 1
MINVALUE  1
MAXVALUE 9223372036854775807
START 1
CACHE 1;

-- ----------------------------
-- Sequence structure for sensors_id_seq
-- ----------------------------
DROP SEQUENCE IF EXISTS "public2"."sensors_id_seq";
CREATE SEQUENCE "public2"."sensors_id_seq" 
INCREMENT 1
MINVALUE  1
MAXVALUE 9223372036854775807
START 1
CACHE 1;

-- ----------------------------
-- Sequence structure for users_id_seq
-- ----------------------------
DROP SEQUENCE IF EXISTS "public2"."users_id_seq";
CREATE SEQUENCE "public2"."users_id_seq" 
INCREMENT 1
MINVALUE  1
MAXVALUE 9223372036854775807
START 1
CACHE 1;

-- ----------------------------
-- Table structure for ar_internal_metadata
-- ----------------------------
DROP TABLE IF EXISTS "public2"."ar_internal_metadata";
CREATE TABLE "public2"."ar_internal_metadata" (
  "key" varchar COLLATE "pg_catalog"."default" NOT NULL,
  "value" varchar COLLATE "pg_catalog"."default",
  "created_at" timestamp(6) NOT NULL,
  "updated_at" timestamp(6) NOT NULL
)
;

-- ----------------------------
-- Records of ar_internal_metadata
-- ----------------------------

-- ----------------------------
-- Table structure for dashboards
-- ----------------------------
DROP TABLE IF EXISTS "public2"."dashboards";
CREATE TABLE "public2"."dashboards" (
  "id" int8 NOT NULL DEFAULT nextval('dashboards_id_seq'::regclass),
  "user_id" int8 NOT NULL,
  "device_ids" text COLLATE "pg_catalog"."default" NOT NULL,
  "sensor_content_ids" text COLLATE "pg_catalog"."default" NOT NULL,
  "created_at" timestamp(6) NOT NULL,
  "updated_at" timestamp(6) NOT NULL
)
;

-- ----------------------------
-- Records of dashboards
-- ----------------------------

-- ----------------------------
-- Table structure for fields
-- ----------------------------
DROP TABLE IF EXISTS "public2"."fields";
CREATE TABLE "public2"."fields" (
  "id" int8 NOT NULL DEFAULT nextval('fields_id_seq'::regclass),
  "name" varchar COLLATE "pg_catalog"."default" NOT NULL,
  "latitude" float8,
  "longitude" float8,
  "created_at" timestamp(6) NOT NULL,
  "updated_at" timestamp(6) NOT NULL
)
;

-- ----------------------------
-- Records of fields
-- ----------------------------
INSERT INTO "public2"."fields" VALUES (5, '明野', 0, 0, '0001-01-01 02:10:26.987321', '0001-01-01 04:47:19.622835');
INSERT INTO "public2"."fields" VALUES (9, 'NZ', 0, 0, '0001-01-01 01:09:01.889724', '0001-01-01 02:46:09.819254');
INSERT INTO "public2"."fields" VALUES (7, 'nirasaki', 0, 0, '0001-01-01 02:57:31.212381', '0001-01-01 05:39:23.030057');
INSERT INTO "public2"."fields" VALUES (4, '北杜AKB3', 0, 0, '0001-01-01 02:06:06.39732', '0001-01-01 06:56:06.36213');
INSERT INTO "public2"."fields" VALUES (8, 'サイドレス', 0, 0, '0001-01-01 03:49:32.809843', '0001-01-01 02:15:31.315898');
INSERT INTO "public2"."fields" VALUES (2, '北杜AKB1', 0, 0, '0001-01-01 05:18:38.348939', '0001-01-01 04:28:13.647403');
INSERT INTO "public2"."fields" VALUES (6, 'kofu', 0, 0, '0001-01-01 02:10:30.624312', '0001-01-01 00:42:33.245426');
INSERT INTO "public2"."fields" VALUES (3, 'Debug', 0, 0, '0001-01-01 05:47:49.710922', '0001-01-01 06:46:14.508616');
INSERT INTO "public2"."fields" VALUES (12, 'MBSDTEST', 0.29, 100, '0001-01-01 02:26:31.595466', '0001-01-01 16:43:36.401385');
INSERT INTO "public2"."fields" VALUES (1, '葡萄専心イチノセ', 140, 100, '0001-01-01 10:20:32.97442', '0001-01-01 07:44:08.903955');

-- ----------------------------
-- Table structure for messages
-- ----------------------------
DROP TABLE IF EXISTS "public2"."messages";
CREATE TABLE "public2"."messages" (
  "id" int8 NOT NULL DEFAULT nextval('messages_id_seq'::regclass),
  "device_id" int8 NOT NULL,
  "seq" int4 NOT NULL,
  "raw" varchar COLLATE "pg_catalog"."default" NOT NULL,
  "casted_at" timestamp(6) NOT NULL,
  "created_at" timestamp(6) NOT NULL,
  "updated_at" timestamp(6) NOT NULL
)
;

-- ----------------------------
-- Records of messages
-- ----------------------------
INSERT INTO "public2"."messages" VALUES (1, 3, 2405, '0c07bc0d036c', '0001-01-01 09:45:16', '0001-01-01 09:51:54.169921', '0001-01-01 09:51:54.169921');
INSERT INTO "public2"."messages" VALUES (2, 3, 2404, '0807170902bd0a006b0b0306', '0001-01-01 09:44:52', '0001-01-01 09:51:54.182374', '0001-01-01 09:51:54.182374');
INSERT INTO "public2"."messages" VALUES (3, 3, 2403, '04074205036a060fb50702b1', '0001-01-01 09:44:27', '0001-01-01 09:51:54.195193', '0001-01-01 09:51:54.195193');
INSERT INTO "public2"."messages" VALUES (4, 3, 2402, '000fab0100050205ac0302bb', '0001-01-01 09:44:02', '0001-01-01 09:51:54.202931', '0001-01-01 09:51:54.202931');
INSERT INTO "public2"."messages" VALUES (5, 3, 2401, '0c07b70d036b', '0001-01-01 09:31:44', '0001-01-01 09:51:54.209428', '0001-01-01 09:51:54.209428');
INSERT INTO "public2"."messages" VALUES (6, 3, 2400, '0807120902bb0a006a0b0304', '0001-01-01 09:31:19', '0001-01-01 09:51:54.217324', '0001-01-01 09:51:54.217324');
INSERT INTO "public2"."messages" VALUES (7, 3, 2399, '04073f050369060fb50702b0', '0001-01-01 09:30:54', '0001-01-01 09:51:54.225096', '0001-01-01 09:51:54.225096');
INSERT INTO "public2"."messages" VALUES (8, 3, 2398, '000faa0100050205a90302bd', '0001-01-01 09:30:30', '0001-01-01 09:51:54.231297', '0001-01-01 09:51:54.231297');
INSERT INTO "public2"."messages" VALUES (9, 3, 2397, '0c07af0d0366', '0001-01-01 09:18:12', '0001-01-01 09:51:54.237637', '0001-01-01 09:51:54.237637');
INSERT INTO "public2"."messages" VALUES (10, 3, 2396, '0807040902b50a006a0b02ff', '0001-01-01 09:17:47', '0001-01-01 09:51:54.24398', '0001-01-01 09:51:54.24398');
INSERT INTO "public2"."messages" VALUES (11, 3, 2395, '040736050363060fb50702ab', '0001-01-01 09:17:22', '0001-01-01 09:51:54.24997', '0001-01-01 09:51:54.24997');
INSERT INTO "public2"."messages" VALUES (12, 3, 2394, '000faa0100050205a40302b8', '0001-01-01 09:16:57', '0001-01-01 09:51:54.256196', '0001-01-01 09:51:54.256196');
INSERT INTO "public2"."messages" VALUES (13, 3, 2393, '0c07aa0d0363', '0001-01-01 09:04:38', '0001-01-01 09:51:54.262941', '0001-01-01 09:51:54.262941');
INSERT INTO "public2"."messages" VALUES (14, 3, 2392, '0806fb0902ab0a00680b02fb', '0001-01-01 09:04:14', '0001-01-01 09:51:54.269', '0001-01-01 09:51:54.269');
INSERT INTO "public2"."messages" VALUES (15, 3, 2391, '04072e050363060fb50702a6', '0001-01-01 09:03:50', '0001-01-01 09:51:54.275902', '0001-01-01 09:51:54.275902');
INSERT INTO "public2"."messages" VALUES (16, 3, 2390, '000faa0100050205a10302b4', '0001-01-01 09:03:24', '0001-01-01 09:51:54.282237', '0001-01-01 09:51:54.282237');
INSERT INTO "public2"."messages" VALUES (17, 3, 2389, '0c07a80d0360', '0001-01-01 08:51:05', '0001-01-01 09:51:54.288381', '0001-01-01 09:51:54.288381');
INSERT INTO "public2"."messages" VALUES (18, 3, 2388, '0806f20902a90a00690b02f9', '0001-01-01 08:50:41', '0001-01-01 09:51:54.294893', '0001-01-01 09:51:54.294893');
INSERT INTO "public2"."messages" VALUES (19, 3, 2387, '040726050361060fb40702a5', '0001-01-01 08:50:16', '0001-01-01 09:51:54.300981', '0001-01-01 09:51:54.300981');
INSERT INTO "public2"."messages" VALUES (20, 3, 2386, '000fab01000502059b0302b2', '0001-01-01 08:49:51', '0001-01-01 09:51:54.307981', '0001-01-01 09:51:54.307981');
INSERT INTO "public2"."messages" VALUES (21, 3, 2385, '0c07a10d035e', '0001-01-01 08:37:32', '0001-01-01 09:51:54.318244', '0001-01-01 09:51:54.318244');
INSERT INTO "public2"."messages" VALUES (22, 3, 2384, '0806ec0902a90a00670b02f9', '0001-01-01 08:37:08', '0001-01-01 09:51:54.324926', '0001-01-01 09:51:54.324926');
INSERT INTO "public2"."messages" VALUES (23, 3, 2383, '04071d05035d060fb50702a5', '0001-01-01 08:36:44', '0001-01-01 09:51:54.331263', '0001-01-01 09:51:54.331263');
INSERT INTO "public2"."messages" VALUES (24, 3, 2382, '000faa0100050205940302af', '0001-01-01 08:36:19', '0001-01-01 09:51:54.339342', '0001-01-01 09:51:54.339342');
INSERT INTO "public2"."messages" VALUES (25, 3, 2381, '0c07970d0358', '0001-01-01 08:23:59', '0001-01-01 09:51:54.345711', '0001-01-01 09:51:54.345711');
INSERT INTO "public2"."messages" VALUES (26, 3, 2380, '0806d90902a50a00670b02f5', '0001-01-01 08:23:35', '0001-01-01 09:51:54.353209', '0001-01-01 09:51:54.353209');
INSERT INTO "public2"."messages" VALUES (27, 3, 2379, '040714050356060fb40702a5', '0001-01-01 08:23:09', '0001-01-01 09:51:54.360338', '0001-01-01 09:51:54.360338');
INSERT INTO "public2"."messages" VALUES (28, 3, 2378, '000faa01000502058d0302ab', '0001-01-01 08:22:45', '0001-01-01 09:51:54.372861', '0001-01-01 09:51:54.372861');
INSERT INTO "public2"."messages" VALUES (29, 3, 2377, '0c078b0d0353', '0001-01-01 08:10:25', '0001-01-01 09:51:54.380259', '0001-01-01 09:51:54.380259');
INSERT INTO "public2"."messages" VALUES (30, 3, 2376, '0806d80902a10a00670b02f1', '0001-01-01 08:10:01', '0001-01-01 09:51:54.387314', '0001-01-01 09:51:54.387314');
INSERT INTO "public2"."messages" VALUES (31, 3, 2375, '04070c050353060fb407029c', '0001-01-01 08:09:36', '0001-01-01 09:51:54.393893', '0001-01-01 09:51:54.393893');
INSERT INTO "public2"."messages" VALUES (32, 3, 2374, '000faa0100050205880302a8', '0001-01-01 08:09:11', '0001-01-01 09:51:54.401401', '0001-01-01 09:51:54.401401');
INSERT INTO "public2"."messages" VALUES (33, 3, 2373, '0c07850d034f', '0001-01-01 07:56:51', '0001-01-01 09:51:54.408989', '0001-01-01 09:51:54.408989');
INSERT INTO "public2"."messages" VALUES (34, 3, 2372, '0806d409029e0a00670b02ea', '0001-01-01 07:56:27', '0001-01-01 09:51:54.416224', '0001-01-01 09:51:54.416224');
INSERT INTO "public2"."messages" VALUES (35, 3, 2371, '04070605034d060fb407029b', '0001-01-01 07:56:02', '0001-01-01 09:51:54.428267', '0001-01-01 09:51:54.428267');
INSERT INTO "public2"."messages" VALUES (36, 3, 2370, '000faa0100050205860302a7', '0001-01-01 07:55:37', '0001-01-01 09:51:54.436148', '0001-01-01 09:51:54.436148');
INSERT INTO "public2"."messages" VALUES (37, 3, 2369, '0c07880d034e', '0001-01-01 07:43:17', '0001-01-01 09:51:54.443119', '0001-01-01 09:51:54.443119');
INSERT INTO "public2"."messages" VALUES (38, 3, 2368, '0806c209029d0a00670b02eb', '0001-01-01 07:42:53', '0001-01-01 09:51:54.449954', '0001-01-01 09:51:54.449954');
INSERT INTO "public2"."messages" VALUES (39, 3, 2367, '04070305034c060fb4070299', '0001-01-01 07:42:28', '0001-01-01 09:51:54.456837', '0001-01-01 09:51:54.456837');
INSERT INTO "public2"."messages" VALUES (40, 3, 2366, '000faa0100050205800302a2', '0001-01-01 07:42:03', '0001-01-01 09:51:54.463724', '0001-01-01 09:51:54.463724');
INSERT INTO "public2"."messages" VALUES (41, 3, 2365, '0c077b0d034a', '0001-01-01 07:29:43', '0001-01-01 09:51:54.470237', '0001-01-01 09:51:54.470237');
INSERT INTO "public2"."messages" VALUES (42, 3, 2364, '0807220902a70a00660b02eb', '0001-01-01 07:29:19', '0001-01-01 09:51:54.476748', '0001-01-01 09:51:54.476748');
INSERT INTO "public2"."messages" VALUES (43, 3, 2363, '0406fe05034c060fb40702a5', '0001-01-01 07:28:54', '0001-01-01 09:51:54.483083', '0001-01-01 09:51:54.483083');
INSERT INTO "public2"."messages" VALUES (44, 3, 2362, '000faa01000502057b0302a2', '0001-01-01 07:28:29', '0001-01-01 09:51:54.489729', '0001-01-01 09:51:54.489729');
INSERT INTO "public2"."messages" VALUES (45, 3, 2361, '0c07780d034b', '0001-01-01 07:16:10', '0001-01-01 09:51:54.496247', '0001-01-01 09:51:54.496247');
INSERT INTO "public2"."messages" VALUES (46, 3, 2360, '0806c509029a0a00660b02ea', '0001-01-01 07:15:45', '0001-01-01 09:51:54.507625', '0001-01-01 09:51:54.507625');
INSERT INTO "public2"."messages" VALUES (47, 3, 2359, '0406f505034a060fb4070296', '0001-01-01 07:15:20', '0001-01-01 09:51:54.515141', '0001-01-01 09:51:54.515141');
INSERT INTO "public2"."messages" VALUES (48, 3, 2358, '000faa0100050205750302a0', '0001-01-01 07:14:55', '0001-01-01 09:51:54.521314', '0001-01-01 09:51:54.521314');
INSERT INTO "public2"."messages" VALUES (49, 3, 2357, '0c07730d034a', '0001-01-01 07:02:35', '0001-01-01 09:51:54.527439', '0001-01-01 09:51:54.527439');
INSERT INTO "public2"."messages" VALUES (50, 3, 2356, '0806c30902960a00650b02e6', '0001-01-01 07:02:10', '0001-01-01 09:51:54.535307', '0001-01-01 09:51:54.535307');
INSERT INTO "public2"."messages" VALUES (51, 3, 2355, '0406ec050345060fb4070296', '0001-01-01 07:01:46', '0001-01-01 09:51:54.545351', '0001-01-01 09:51:54.545351');
INSERT INTO "public2"."messages" VALUES (52, 3, 2354, '000faa01000502056d03029d', '0001-01-01 07:01:21', '0001-01-01 09:51:54.551996', '0001-01-01 09:51:54.551996');
INSERT INTO "public2"."messages" VALUES (53, 3, 2353, '0c07710d0340', '0001-01-01 06:49:01', '0001-01-01 09:51:54.558318', '0001-01-01 09:51:54.558318');
INSERT INTO "public2"."messages" VALUES (54, 3, 2352, '08067109028c0a00650b02de', '0001-01-01 06:48:37', '0001-01-01 09:51:54.564089', '0001-01-01 09:51:54.564089');
INSERT INTO "public2"."messages" VALUES (55, 3, 2351, '0406dc05033a060fb407028a', '0001-01-01 06:48:12', '0001-01-01 09:51:54.569834', '0001-01-01 09:51:54.569834');
INSERT INTO "public2"."messages" VALUES (56, 3, 2350, '000faa010005020563030294', '0001-01-01 06:47:47', '0001-01-01 09:51:54.575816', '0001-01-01 09:51:54.575816');
INSERT INTO "public2"."messages" VALUES (57, 3, 2349, '0c07700d033a', '0001-01-01 06:35:27', '0001-01-01 09:51:54.582362', '0001-01-01 09:51:54.582362');
INSERT INTO "public2"."messages" VALUES (58, 3, 2348, '0806a70902930a00660b02de', '0001-01-01 06:35:03', '0001-01-01 09:51:54.588476', '0001-01-01 09:51:54.588476');
INSERT INTO "public2"."messages" VALUES (59, 3, 2347, '0406d0050336060fb3070290', '0001-01-01 06:34:38', '0001-01-01 09:51:54.59586', '0001-01-01 09:51:54.59586');
INSERT INTO "public2"."messages" VALUES (60, 3, 2346, '000faa010005020560030293', '0001-01-01 06:34:12', '0001-01-01 09:51:54.602422', '0001-01-01 09:51:54.602422');
INSERT INTO "public2"."messages" VALUES (61, 3, 2345, '0c07650d0337', '0001-01-01 06:21:53', '0001-01-01 09:51:54.612145', '0001-01-01 09:51:54.612145');
INSERT INTO "public2"."messages" VALUES (62, 3, 2344, '08068609028d0a00660b02d9', '0001-01-01 06:21:29', '0001-01-01 09:51:54.619096', '0001-01-01 09:51:54.619096');
INSERT INTO "public2"."messages" VALUES (63, 3, 2343, '0406cb050331060fb307028d', '0001-01-01 06:21:04', '0001-01-01 09:51:54.625517', '0001-01-01 09:51:54.625517');
INSERT INTO "public2"."messages" VALUES (64, 3, 2342, '000faa01000502055a03028f', '0001-01-01 06:20:39', '0001-01-01 09:51:54.631677', '0001-01-01 09:51:54.631677');
INSERT INTO "public2"."messages" VALUES (65, 3, 2341, '0c07600d0337', '0001-01-01 06:08:18', '0001-01-01 09:51:54.637886', '0001-01-01 09:51:54.637886');
INSERT INTO "public2"."messages" VALUES (66, 3, 2340, '08067c0902900a00660b02da', '0001-01-01 06:07:54', '0001-01-01 09:51:54.644663', '0001-01-01 09:51:54.644663');
INSERT INTO "public2"."messages" VALUES (67, 3, 2339, '0406c9050330060fb2070290', '0001-01-01 06:07:29', '0001-01-01 09:51:54.651781', '0001-01-01 09:51:54.651781');
INSERT INTO "public2"."messages" VALUES (68, 3, 2338, '000faa010005020559030290', '0001-01-01 06:07:05', '0001-01-01 09:51:54.658293', '0001-01-01 09:51:54.658293');
INSERT INTO "public2"."messages" VALUES (69, 3, 2337, '0c076b0d0330', '0001-01-01 05:54:44', '0001-01-01 09:51:54.664677', '0001-01-01 09:51:54.664677');
INSERT INTO "public2"."messages" VALUES (70, 3, 2336, '0806bd0902950a00670b02da', '0001-01-01 05:54:19', '0001-01-01 09:51:54.670739', '0001-01-01 09:51:54.670739');
INSERT INTO "public2"."messages" VALUES (71, 3, 2335, '0406c005032b060fb307029a', '0001-01-01 05:53:55', '0001-01-01 09:51:54.677095', '0001-01-01 09:51:54.677095');
INSERT INTO "public2"."messages" VALUES (72, 3, 2334, '000fa901000502055403028f', '0001-01-01 05:53:30', '0001-01-01 09:51:54.68421', '0001-01-01 09:51:54.68421');
INSERT INTO "public2"."messages" VALUES (73, 3, 2333, '0c075b0d0335', '0001-01-01 05:41:09', '0001-01-01 09:51:54.690804', '0001-01-01 09:51:54.690804');
INSERT INTO "public2"."messages" VALUES (74, 3, 2332, '08067409028b0a006a0b02de', '0001-01-01 05:40:45', '0001-01-01 09:51:54.697303', '0001-01-01 09:51:54.697303');
INSERT INTO "public2"."messages" VALUES (75, 3, 2331, '0406bd050325060fb2070292', '0001-01-01 05:40:19', '0001-01-01 09:51:54.7036', '0001-01-01 09:51:54.7036');
INSERT INTO "public2"."messages" VALUES (76, 3, 2330, '000fa9010005020556030289', '0001-01-01 05:39:55', '0001-01-01 09:51:54.709961', '0001-01-01 09:51:54.709961');
INSERT INTO "public2"."messages" VALUES (77, 3, 2329, '0c076c0d033b', '0001-01-01 05:27:34', '0001-01-01 09:51:54.716895', '0001-01-01 09:51:54.716895');
INSERT INTO "public2"."messages" VALUES (78, 3, 2328, '08068309028e0a00670b02e3', '0001-01-01 05:27:10', '0001-01-01 09:51:54.724367', '0001-01-01 09:51:54.724367');
INSERT INTO "public2"."messages" VALUES (79, 3, 2327, '0406c405032b060fb307028c', '0001-01-01 05:26:44', '0001-01-01 09:51:54.730507', '0001-01-01 09:51:54.730507');
INSERT INTO "public2"."messages" VALUES (80, 3, 2326, '000fa901000502055b03028b', '0001-01-01 05:26:19', '0001-01-01 09:51:54.736837', '0001-01-01 09:51:54.736837');
INSERT INTO "public2"."messages" VALUES (81, 3, 2324, '0c076a0d0342', '0001-01-01 05:13:56', '0001-01-01 09:51:54.744565', '0001-01-01 09:51:54.744565');
INSERT INTO "public2"."messages" VALUES (82, 3, 2323, '08068209028f0a00660b02e4', '0001-01-01 05:13:30', '0001-01-01 09:51:54.750952', '0001-01-01 09:51:54.750952');
INSERT INTO "public2"."messages" VALUES (83, 3, 2322, '0406c905032d060fb3070292', '0001-01-01 05:13:06', '0001-01-01 09:51:54.757902', '0001-01-01 09:51:54.757902');
INSERT INTO "public2"."messages" VALUES (84, 3, 2321, '000fa901000502056303028d', '0001-01-01 05:12:41', '0001-01-01 09:51:54.764113', '0001-01-01 09:51:54.764113');
INSERT INTO "public2"."messages" VALUES (85, 3, 2320, '0c07850d0346', '0001-01-01 05:00:20', '0001-01-01 09:51:54.77097', '0001-01-01 09:51:54.77097');
INSERT INTO "public2"."messages" VALUES (86, 3, 2319, '0806be0902990a00680b02e9', '0001-01-01 04:59:56', '0001-01-01 09:51:54.777435', '0001-01-01 09:51:54.777435');
INSERT INTO "public2"."messages" VALUES (87, 3, 2318, '0406d3050330060fb307029c', '0001-01-01 04:59:31', '0001-01-01 09:51:54.783939', '0001-01-01 09:51:54.783939');
INSERT INTO "public2"."messages" VALUES (88, 3, 2317, '000fa9010005020568030291', '0001-01-01 04:59:06', '0001-01-01 09:51:54.790855', '0001-01-01 09:51:54.790855');
INSERT INTO "public2"."messages" VALUES (89, 3, 2316, '0c07a50d034a', '0001-01-01 04:46:45', '0001-01-01 09:51:54.79766', '0001-01-01 09:51:54.79766');
INSERT INTO "public2"."messages" VALUES (90, 3, 2315, '0806b90902990a00690b02e7', '0001-01-01 04:46:21', '0001-01-01 09:51:54.804361', '0001-01-01 09:51:54.804361');
INSERT INTO "public2"."messages" VALUES (91, 3, 2314, '0406db050334060fb307029a', '0001-01-01 04:45:55', '0001-01-01 09:51:54.810356', '0001-01-01 09:51:54.810356');
INSERT INTO "public2"."messages" VALUES (92, 3, 2313, '000fa9010005020570030293', '0001-01-01 04:45:31', '0001-01-01 09:51:54.817093', '0001-01-01 09:51:54.817093');
INSERT INTO "public2"."messages" VALUES (93, 3, 2312, '0c07970d0345', '0001-01-01 04:33:10', '0001-01-01 09:51:54.823525', '0001-01-01 09:51:54.823525');
INSERT INTO "public2"."messages" VALUES (94, 3, 2311, '0806b509029e0a006a0b02e7', '0001-01-01 04:32:46', '0001-01-01 09:51:54.830034', '0001-01-01 09:51:54.830034');
INSERT INTO "public2"."messages" VALUES (95, 3, 2310, '0406e805033a060fb307029e', '0001-01-01 04:32:21', '0001-01-01 09:51:54.836473', '0001-01-01 09:51:54.836473');
INSERT INTO "public2"."messages" VALUES (96, 3, 2309, '000fa9010005020578030299', '0001-01-01 04:31:56', '0001-01-01 09:51:54.842585', '0001-01-01 09:51:54.842585');
INSERT INTO "public2"."messages" VALUES (97, 3, 2308, '0c079a0d0352', '0001-01-01 04:19:36', '0001-01-01 09:51:54.849026', '0001-01-01 09:51:54.849026');
INSERT INTO "public2"."messages" VALUES (98, 3, 2307, '0806d40902a10a006a0b02f2', '0001-01-01 04:19:11', '0001-01-01 09:51:54.855567', '0001-01-01 09:51:54.855567');
INSERT INTO "public2"."messages" VALUES (99, 3, 2306, '0406f6050344060fb40702a3', '0001-01-01 04:18:46', '0001-01-01 09:51:54.861821', '0001-01-01 09:51:54.861821');
INSERT INTO "public2"."messages" VALUES (100, 3, 2305, '000faa01000502057e0302a0', '0001-01-01 04:18:22', '0001-01-01 09:51:54.868042', '0001-01-01 09:51:54.868042');
INSERT INTO "public2"."messages" VALUES (238778, 3, 1181, '0c07a20d04780e00840f000a', '0001-01-01 00:38:46', '0001-01-01 00:41:26.997715', '0001-01-01 00:41:26.997715');
INSERT INTO "public2"."messages" VALUES (238779, 3, 1180, '0806a20901a20a0e860b0854', '0001-01-01 00:38:20', '0001-01-01 00:41:27.01475', '0001-01-01 00:41:27.01475');
INSERT INTO "public2"."messages" VALUES (238780, 3, 1179, '0407bb05080906098607077b', '0001-01-01 00:37:56', '0001-01-01 00:41:27.030197', '0001-01-01 00:41:27.030197');
INSERT INTO "public2"."messages" VALUES (238781, 3, 1178, '0007ce0107820207b5030785', '0001-01-01 00:37:30', '0001-01-01 00:41:27.049657', '0001-01-01 00:41:27.049657');
INSERT INTO "public2"."messages" VALUES (238787, 7, 4042, '0c06e30d037b0e003b0f0005', '0001-01-01 00:37:02', '0001-01-01 00:41:28.864253', '0001-01-01 00:41:28.864253');
INSERT INTO "public2"."messages" VALUES (238788, 7, 4041, '0805d50906030a07200b061c', '0001-01-01 00:36:36', '0001-01-01 00:41:28.874269', '0001-01-01 00:41:28.874269');
INSERT INTO "public2"."messages" VALUES (238789, 7, 4040, '04064305066e0607c407066c', '0001-01-01 00:36:11', '0001-01-01 00:41:28.883862', '0001-01-01 00:41:28.883862');
INSERT INTO "public2"."messages" VALUES (238790, 7, 4039, '0006be0106c80207640306df', '0001-01-01 00:35:46', '0001-01-01 00:41:28.894028', '0001-01-01 00:41:28.894028');
INSERT INTO "public2"."messages" VALUES (239780, 3, 1297, '0c07ac0d04ad0e00200f000a', '0001-01-01 06:52:04', '0001-01-01 07:01:44.497363', '0001-01-01 07:01:44.497363');
INSERT INTO "public2"."messages" VALUES (239781, 3, 1296, '08069d0901a10a0e950b07f3', '0001-01-01 06:51:39', '0001-01-01 07:01:44.511198', '0001-01-01 07:01:44.511198');
INSERT INTO "public2"."messages" VALUES (239782, 3, 1295, '04078c0507cd06099f07076b', '0001-01-01 06:51:14', '0001-01-01 07:01:44.524438', '0001-01-01 07:01:44.524438');
INSERT INTO "public2"."messages" VALUES (239783, 3, 1294, '00078701074202077503075d', '0001-01-01 06:50:49', '0001-01-01 07:01:44.536455', '0001-01-01 07:01:44.536455');
INSERT INTO "public2"."messages" VALUES (239784, 4, 491, '0c08980d05540e00070f001f', '0001-01-01 06:52:10', '0001-01-01 07:01:45.406276', '0001-01-01 07:01:45.406276');
INSERT INTO "public2"."messages" VALUES (238796, 30, 252, '0c08700d03d90e00030f007d', '0001-01-01 00:34:07', '0001-01-01 00:41:35.85185', '0001-01-01 00:41:35.85185');
INSERT INTO "public2"."messages" VALUES (238797, 30, 251, '0800240901a50a0ee00b0900', '0001-01-01 00:33:43', '0001-01-01 00:41:35.8755', '0001-01-01 00:41:35.8755');
INSERT INTO "public2"."messages" VALUES (238798, 30, 250, '040f6b050f6b060f6b070f6b', '0001-01-01 00:33:18', '0001-01-01 00:41:35.895468', '0001-01-01 00:41:35.895468');
INSERT INTO "public2"."messages" VALUES (238799, 30, 249, '000f6a010f6a020f6a030f6a', '0001-01-01 00:32:53', '0001-01-01 00:41:35.924917', '0001-01-01 00:41:35.924917');
INSERT INTO "public2"."messages" VALUES (238800, 30, 248, '2163105800030111', '0001-01-01 00:32:28', '0001-01-01 00:41:35.944739', '0001-01-01 00:41:35.944739');
INSERT INTO "public2"."messages" VALUES (239785, 4, 490, '080ffb090ffb0a0ffb0b0ffb', '0001-01-01 06:51:45', '0001-01-01 07:01:45.421577', '0001-01-01 07:01:45.421577');
INSERT INTO "public2"."messages" VALUES (239786, 4, 489, '040ffa050ffa060ffb070ffb', '0001-01-01 06:51:20', '0001-01-01 07:01:45.439105', '0001-01-01 07:01:45.439105');
INSERT INTO "public2"."messages" VALUES (239787, 4, 488, '000ff9010ff9020ff9030ff9', '0001-01-01 06:50:56', '0001-01-01 07:01:45.458214', '0001-01-01 07:01:45.458214');
INSERT INTO "public2"."messages" VALUES (239788, 4, 487, '2200136100040030', '0001-01-01 06:50:32', '0001-01-01 07:01:45.474167', '0001-01-01 07:01:45.474167');
INSERT INTO "public2"."messages" VALUES (239789, 7, 75, '0c074a0d04440e001b0f0005', '0001-01-01 06:52:44', '0001-01-01 07:01:46.377584', '0001-01-01 07:01:46.377584');
INSERT INTO "public2"."messages" VALUES (239790, 7, 74, '0805d20905d90a06f30b05ee', '0001-01-01 06:52:20', '0001-01-01 07:01:46.387379', '0001-01-01 07:01:46.387379');
INSERT INTO "public2"."messages" VALUES (239791, 7, 73, '04060d05062e06075d070673', '0001-01-01 06:51:54', '0001-01-01 07:01:46.396386', '0001-01-01 07:01:46.396386');
INSERT INTO "public2"."messages" VALUES (239792, 7, 72, '0006880106970207400306ae', '0001-01-01 06:51:29', '0001-01-01 07:01:46.405941', '0001-01-01 07:01:46.405941');
INSERT INTO "public2"."messages" VALUES (239793, 29, 501, '0c08620d05460e000b0f0032', '0001-01-01 06:59:12', '0001-01-01 07:01:51.388647', '0001-01-01 07:01:51.388647');
INSERT INTO "public2"."messages" VALUES (239794, 29, 500, '08036e0901a30a0f510b08c1', '0001-01-01 06:58:47', '0001-01-01 07:01:51.401774', '0001-01-01 07:01:51.401774');
INSERT INTO "public2"."messages" VALUES (239795, 29, 499, '040f6c050f6c060f6c070f6c', '0001-01-01 06:58:22', '0001-01-01 07:01:51.413965', '0001-01-01 07:01:51.413965');
INSERT INTO "public2"."messages" VALUES (239796, 29, 498, '000f6b010f6b020f6b030f6b', '0001-01-01 06:57:57', '0001-01-01 07:01:51.425392', '0001-01-01 07:01:51.425392');
INSERT INTO "public2"."messages" VALUES (239797, 29, 497, '2150135000120039', '0001-01-01 06:57:33', '0001-01-01 07:01:51.436014', '0001-01-01 07:01:51.436014');
INSERT INTO "public2"."messages" VALUES (239798, 30, 411, '0800020901a60a0eb80b08d4', '0001-01-01 07:01:33', '0001-01-01 07:01:52.373884', '0001-01-01 07:01:52.373884');
INSERT INTO "public2"."messages" VALUES (239799, 30, 410, '040f69050f6a060f6a070f6a', '0001-01-01 07:01:07', '0001-01-01 07:01:52.385462', '0001-01-01 07:01:52.385462');
INSERT INTO "public2"."messages" VALUES (239800, 30, 409, '000f69010f69020f69030f68', '0001-01-01 07:00:43', '0001-01-01 07:01:52.398074', '0001-01-01 07:01:52.398074');
INSERT INTO "public2"."messages" VALUES (239801, 30, 408, '2151140000030047', '0001-01-01 07:00:18', '0001-01-01 07:01:52.409149', '0001-01-01 07:01:52.409149');
INSERT INTO "public2"."messages" VALUES (239802, 31, 514, '0c07d00d05400e00020f0017', '0001-01-01 06:58:45', '0001-01-01 07:01:53.408947', '0001-01-01 07:01:53.408947');
INSERT INTO "public2"."messages" VALUES (239803, 31, 513, '080fc60907bd0a07cd0b07c7', '0001-01-01 06:58:20', '0001-01-01 07:01:53.421692', '0001-01-01 07:01:53.421692');
INSERT INTO "public2"."messages" VALUES (239804, 31, 512, '0407ad0507a20607cb070790', '0001-01-01 06:57:56', '0001-01-01 07:01:53.433163', '0001-01-01 07:01:53.433163');
INSERT INTO "public2"."messages" VALUES (239805, 31, 511, '0007c001078f0207c703077f', '0001-01-01 06:57:30', '0001-01-01 07:01:53.444985', '0001-01-01 07:01:53.444985');
INSERT INTO "public2"."messages" VALUES (276367, 22, 1984, '080fd1090fd10a0fd10b0fd2', '0001-01-01 17:01:45', '0001-01-01 17:04:46.574834', '0001-01-01 17:04:46.574834');
INSERT INTO "public2"."messages" VALUES (276368, 22, 1983, '040a4f050fd1060fd1070fd1', '0001-01-01 17:01:20', '0001-01-01 17:04:46.591346', '0001-01-01 17:04:46.591346');
INSERT INTO "public2"."messages" VALUES (276369, 29, 2600, '0c099e0d09700e000b0f0000', '0001-01-01 17:00:31', '0001-01-01 17:04:50.584146', '0001-01-01 17:04:50.584146');
INSERT INTO "public2"."messages" VALUES (276370, 29, 2599, '08033e0901a80a0f110b08c5', '0001-01-01 17:00:07', '0001-01-01 17:04:50.608317', '0001-01-01 17:04:50.608317');
INSERT INTO "public2"."messages" VALUES (276371, 29, 2598, '040f6b050f6b060f6b070f6b', '0001-01-01 16:59:42', '0001-01-01 17:04:50.626288', '0001-01-01 17:04:50.626288');
INSERT INTO "public2"."messages" VALUES (276372, 29, 2597, '000f6a010f6a020f6a030f6a', '0001-01-01 16:59:17', '0001-01-01 17:04:50.644039', '0001-01-01 17:04:50.644039');
INSERT INTO "public2"."messages" VALUES (276373, 29, 2596, '2462241300110000', '0001-01-01 16:58:53', '0001-01-01 17:04:50.660364', '0001-01-01 17:04:50.660364');
INSERT INTO "public2"."messages" VALUES (276383, 31, 1540, '0c09280d09820e00010f0000', '0001-01-01 16:56:18', '0001-01-01 17:04:52.620028', '0001-01-01 17:04:52.620028');
INSERT INTO "public2"."messages" VALUES (276384, 31, 1539, '080fd009090c0a09280b0942', '0001-01-01 16:55:54', '0001-01-01 17:04:52.655621', '0001-01-01 17:04:52.655621');
INSERT INTO "public2"."messages" VALUES (276385, 31, 1538, '0407ca05081306096007085d', '0001-01-01 16:55:29', '0001-01-01 17:04:52.680756', '0001-01-01 17:04:52.680756');
INSERT INTO "public2"."messages" VALUES (276386, 31, 1537, '00095401094602094a030944', '0001-01-01 16:55:03', '0001-01-01 17:04:52.712048', '0001-01-01 17:04:52.712048');
INSERT INTO "public2"."messages" VALUES (305350, 7, 213, '0c08080d08d10e00000f0006', '0001-01-01 17:10:59', '0001-01-01 17:21:50.370005', '0001-01-01 17:21:50.370005');
INSERT INTO "public2"."messages" VALUES (310908, 4, 3935, '2254243300050000', '0001-01-01 20:02:54', '0001-01-01 20:04:44.763723', '0001-01-01 20:04:44.763723');
INSERT INTO "public2"."messages" VALUES (310909, 4, 3934, '2256243300050000', '0001-01-01 19:59:49', '0001-01-01 20:04:44.782805', '0001-01-01 20:04:44.782805');
INSERT INTO "public2"."messages" VALUES (310910, 4, 3933, '000ff9010ff9020ff9030ff9', '0001-01-01 19:54:46', '0001-01-01 20:04:44.799017', '0001-01-01 20:04:44.799017');
INSERT INTO "public2"."messages" VALUES (310911, 4, 3932, '2254243300050000', '0001-01-01 19:54:21', '0001-01-01 20:04:44.814741', '0001-01-01 20:04:44.814741');
INSERT INTO "public2"."messages" VALUES (310912, 7, 775, '0c08070d094b0e00000f0004', '0001-01-01 19:54:48', '0001-01-01 20:04:45.751141', '0001-01-01 20:04:45.751141');
INSERT INTO "public2"."messages" VALUES (310913, 7, 774, '08069709066a0a06cf0b06b4', '0001-01-01 19:54:23', '0001-01-01 20:04:45.764551', '0001-01-01 20:04:45.764551');
INSERT INTO "public2"."messages" VALUES (310914, 7, 773, '0406600506340606fd070679', '0001-01-01 19:53:56', '0001-01-01 20:04:45.779122', '0001-01-01 20:04:45.779122');
INSERT INTO "public2"."messages" VALUES (310915, 7, 772, '0006ba01065f0206dc030673', '0001-01-01 19:53:33', '0001-01-01 20:04:45.793361', '0001-01-01 20:04:45.793361');
INSERT INTO "public2"."messages" VALUES (310916, 22, 3359, '080fd0090fd00a0fd10b0fd1', '0001-01-01 19:57:41', '0001-01-01 20:04:46.754757', '0001-01-01 20:04:46.754757');
INSERT INTO "public2"."messages" VALUES (310917, 22, 3358, '040b8a050fd0060fd1070fd1', '0001-01-01 19:57:26', '0001-01-01 20:04:46.766108', '0001-01-01 20:04:46.766108');
INSERT INTO "public2"."messages" VALUES (310918, 22, 3357, '0002fb01084b0200af03084b', '0001-01-01 19:56:51', '0001-01-01 20:04:46.777033', '0001-01-01 20:04:46.777033');
INSERT INTO "public2"."messages" VALUES (310919, 29, 1024, '0c08bb0d098f0e000b0f0000', '0001-01-01 20:01:52', '0001-01-01 20:04:50.819082', '0001-01-01 20:04:50.819082');
INSERT INTO "public2"."messages" VALUES (310920, 29, 1023, '0803f50901ad0a0f2d0b0879', '0001-01-01 20:01:27', '0001-01-01 20:04:50.837519', '0001-01-01 20:04:50.837519');
INSERT INTO "public2"."messages" VALUES (310921, 29, 1022, '040f68050f68060f68070f68', '0001-01-01 20:01:02', '0001-01-01 20:04:50.854765', '0001-01-01 20:04:50.854765');
INSERT INTO "public2"."messages" VALUES (238782, 4, 335, '0c08220d03780e00080f0082', '0001-01-01 00:35:56', '0001-01-01 00:41:27.909308', '0001-01-01 00:41:27.909308');
INSERT INTO "public2"."messages" VALUES (238783, 4, 334, '080ffb090ffb0a0ffb0b0ffb', '0001-01-01 00:35:31', '0001-01-01 00:41:27.937419', '0001-01-01 00:41:27.937419');
INSERT INTO "public2"."messages" VALUES (238784, 4, 333, '040ffa050ffa060ffa070ffb', '0001-01-01 00:35:06', '0001-01-01 00:41:27.953966', '0001-01-01 00:41:27.953966');
INSERT INTO "public2"."messages" VALUES (238785, 4, 332, '000ff9010ff9020ff9030ff8', '0001-01-01 00:34:42', '0001-01-01 00:41:27.972034', '0001-01-01 00:41:27.972034');
INSERT INTO "public2"."messages" VALUES (238786, 4, 331, '2075095300040124', '0001-01-01 00:34:17', '0001-01-01 00:41:27.985732', '0001-01-01 00:41:27.985732');
INSERT INTO "public2"."messages" VALUES (239806, 3, 1301, '0c07c70d04b40e001d0f000a', '0001-01-01 07:04:53', '0001-01-01 07:10:56.134291', '0001-01-01 07:10:56.134291');
INSERT INTO "public2"."messages" VALUES (239807, 3, 1300, '0806980901a10a0e930b07f2', '0001-01-01 07:04:29', '0001-01-01 07:10:56.149945', '0001-01-01 07:10:56.149945');
INSERT INTO "public2"."messages" VALUES (239808, 3, 1299, '0407920507e606098e070772', '0001-01-01 07:04:04', '0001-01-01 07:10:56.169331', '0001-01-01 07:10:56.169331');
INSERT INTO "public2"."messages" VALUES (239809, 3, 1298, '00078d01074a02077a030765', '0001-01-01 07:03:38', '0001-01-01 07:10:56.186843', '0001-01-01 07:10:56.186843');
INSERT INTO "public2"."messages" VALUES (239810, 4, 496, '0c08810d05540e00070f0029', '0001-01-01 07:04:18', '0001-01-01 07:10:56.971986', '0001-01-01 07:10:56.971986');
INSERT INTO "public2"."messages" VALUES (239811, 4, 495, '080ffa090ffa0a0ffb0b0ffb', '0001-01-01 07:03:54', '0001-01-01 07:10:56.986058', '0001-01-01 07:10:56.986058');
INSERT INTO "public2"."messages" VALUES (239812, 4, 494, '040ffa050ffa060ffa070ffb', '0001-01-01 07:03:29', '0001-01-01 07:10:57.002571', '0001-01-01 07:10:57.002571');
INSERT INTO "public2"."messages" VALUES (239813, 4, 493, '000ff9010ff9020ff9030ff9', '0001-01-01 07:03:04', '0001-01-01 07:10:57.018181', '0001-01-01 07:10:57.018181');
INSERT INTO "public2"."messages" VALUES (239814, 4, 492, '2178138700040046', '0001-01-01 07:02:39', '0001-01-01 07:10:57.039168', '0001-01-01 07:10:57.039168');
INSERT INTO "public2"."messages" VALUES (239815, 7, 79, '0c07470d043c0e00180f0005', '0001-01-01 07:04:29', '0001-01-01 07:10:57.97829', '0001-01-01 07:10:57.97829');
INSERT INTO "public2"."messages" VALUES (239816, 7, 78, '0805c80905d00a06e90b05e5', '0001-01-01 07:04:04', '0001-01-01 07:10:57.989216', '0001-01-01 07:10:57.989216');
INSERT INTO "public2"."messages" VALUES (239817, 7, 77, '04060805062a060761070632', '0001-01-01 07:03:39', '0001-01-01 07:10:57.999085', '0001-01-01 07:10:57.999085');
INSERT INTO "public2"."messages" VALUES (239818, 7, 76, '00067e01068c0207370306a9', '0001-01-01 07:03:14', '0001-01-01 07:10:58.008827', '0001-01-01 07:10:58.008827');
INSERT INTO "public2"."messages" VALUES (239819, 29, 504, '040f6c050f6c060f6c070f6c', '0001-01-01 07:10:30', '0001-01-01 07:11:02.98951', '0001-01-01 07:11:02.98951');
INSERT INTO "public2"."messages" VALUES (239820, 29, 503, '000f6b010f6b020f6b030f6b', '0001-01-01 07:10:05', '0001-01-01 07:11:03.005217', '0001-01-01 07:11:03.005217');
INSERT INTO "public2"."messages" VALUES (239821, 29, 502, '2116130900120055', '0001-01-01 07:09:41', '0001-01-01 07:11:03.023751', '0001-01-01 07:11:03.023751');
INSERT INTO "public2"."messages" VALUES (239822, 30, 412, '0c08640d05830e00030f002d', '0001-01-01 07:01:57', '0001-01-01 07:11:03.983784', '0001-01-01 07:11:03.983784');
INSERT INTO "public2"."messages" VALUES (239823, 31, 518, '0c07e00d054a0e00020f0017', '0001-01-01 07:10:29', '0001-01-01 07:11:05.011082', '0001-01-01 07:11:05.011082');
INSERT INTO "public2"."messages" VALUES (239824, 31, 517, '080fc70907c80a07d00b07d4', '0001-01-01 07:10:04', '0001-01-01 07:11:05.025029', '0001-01-01 07:11:05.025029');
INSERT INTO "public2"."messages" VALUES (239825, 31, 516, '0407b40507ab0607d7070798', '0001-01-01 07:09:39', '0001-01-01 07:11:05.041938', '0001-01-01 07:11:05.041938');
INSERT INTO "public2"."messages" VALUES (239826, 31, 515, '0007c60107970207d2030786', '0001-01-01 07:09:15', '0001-01-01 07:11:05.055966', '0001-01-01 07:11:05.055966');
INSERT INTO "public2"."messages" VALUES (276387, 7, 1105, '0c089c0d08860e00000f0004', '0001-01-01 17:08:20', '0001-01-01 17:11:52.582183', '0001-01-01 17:11:52.582183');
INSERT INTO "public2"."messages" VALUES (276388, 7, 1104, '0807740906cd0a07b20b06c6', '0001-01-01 17:07:56', '0001-01-01 17:11:52.605973', '0001-01-01 17:11:52.605973');
INSERT INTO "public2"."messages" VALUES (276389, 7, 1103, '0407af05071206082507082e', '0001-01-01 17:07:30', '0001-01-01 17:11:52.627292', '0001-01-01 17:11:52.627292');
INSERT INTO "public2"."messages" VALUES (276390, 7, 1102, '00074701070f0207f0030779', '0001-01-01 17:07:06', '0001-01-01 17:11:52.644101', '0001-01-01 17:11:52.644101');
INSERT INTO "public2"."messages" VALUES (276393, 30, 2517, '0c098c0d094e0e00030f0000', '0001-01-01 17:04:57', '0001-01-01 17:11:58.600773', '0001-01-01 17:11:58.600773');
INSERT INTO "public2"."messages" VALUES (305360, 31, 1877, '0c082e0d09820e00010f0000', '0001-01-01 17:15:50', '0001-01-01 17:21:57.34943', '0001-01-01 17:21:57.34943');
INSERT INTO "public2"."messages" VALUES (305361, 31, 1876, '08075c0906160a02b70b08ba', '0001-01-01 17:15:24', '0001-01-01 17:21:57.379645', '0001-01-01 17:21:57.379645');
INSERT INTO "public2"."messages" VALUES (305362, 31, 1875, '0400b7050762060835070758', '0001-01-01 17:15:00', '0001-01-01 17:21:57.403415', '0001-01-01 17:21:57.403415');
INSERT INTO "public2"."messages" VALUES (305363, 31, 1874, '000f9a010844020839030845', '0001-01-01 17:14:35', '0001-01-01 17:21:57.422462', '0001-01-01 17:21:57.422462');
INSERT INTO "public2"."messages" VALUES (310922, 29, 1021, '000f67010f67020f67030f67', '0001-01-01 20:00:37', '0001-01-01 20:04:50.871504', '0001-01-01 20:04:50.871504');
INSERT INTO "public2"."messages" VALUES (310923, 29, 1020, '2234244500120000', '0001-01-01 20:00:14', '0001-01-01 20:04:50.889527', '0001-01-01 20:04:50.889527');
INSERT INTO "public2"."messages" VALUES (324724, 3, 1955, '0c05e50d04690e00a70f000b', '0001-01-01 02:47:10', '0001-01-01 02:50:56.554186', '0001-01-01 02:50:56.554186');
INSERT INTO "public2"."messages" VALUES (324725, 3, 1954, '080b980901a30a0ec80b0798', '0001-01-01 02:46:45', '0001-01-01 02:50:56.570863', '0001-01-01 02:50:56.570863');
INSERT INTO "public2"."messages" VALUES (324726, 3, 1953, '040624050741060db7070f48', '0001-01-01 02:46:19', '0001-01-01 02:50:56.592708', '0001-01-01 02:50:56.592708');
INSERT INTO "public2"."messages" VALUES (324727, 3, 1952, '00074601019b020f45030711', '0001-01-01 02:45:54', '0001-01-01 02:50:56.609256', '0001-01-01 02:50:56.609256');
INSERT INTO "public2"."messages" VALUES (324729, 7, 2180, '0c06090d046d0e00620f0004', '0001-01-01 02:44:56', '0001-01-01 02:50:58.462516', '0001-01-01 02:50:58.462516');
INSERT INTO "public2"."messages" VALUES (324730, 7, 2179, '08066009066b0a06a70b0655', '0001-01-01 02:44:31', '0001-01-01 02:50:58.488671', '0001-01-01 02:50:58.488671');
INSERT INTO "public2"."messages" VALUES (324731, 7, 2178, '0405180505270605af070533', '0001-01-01 02:44:06', '0001-01-01 02:50:58.507492', '0001-01-01 02:50:58.507492');
INSERT INTO "public2"."messages" VALUES (324732, 7, 2177, '0005430105490205cc030560', '0001-01-01 02:43:40', '0001-01-01 02:50:58.52422', '0001-01-01 02:50:58.52422');
INSERT INTO "public2"."messages" VALUES (334332, 3, 3181, '0c05ca0d04cc0e00970f000b', '0001-01-01 02:49:55', '0001-01-01 02:50:42.987061', '0001-01-01 02:50:42.987061');
INSERT INTO "public2"."messages" VALUES (334333, 3, 3180, '080c960901a20a0ecb0b0761', '0001-01-01 02:49:31', '0001-01-01 02:50:43.003454', '0001-01-01 02:50:43.003454');
INSERT INTO "public2"."messages" VALUES (334334, 3, 3179, '04070c05070906070f0706ab', '0001-01-01 02:49:06', '0001-01-01 02:50:43.028592', '0001-01-01 02:50:43.028592');
INSERT INTO "public2"."messages" VALUES (334335, 3, 3178, '00064701063c020655030609', '0001-01-01 02:48:40', '0001-01-01 02:50:43.048275', '0001-01-01 02:50:43.048275');
INSERT INTO "public2"."messages" VALUES (334336, 22, 3834, '040c4f050fcc060fcd070fcd', '0001-01-01 02:46:55', '0001-01-01 02:50:45.759885', '0001-01-01 02:50:45.759885');
INSERT INTO "public2"."messages" VALUES (334337, 22, 3833, '0002ef0106c90200790306cb', '0001-01-01 02:46:34', '0001-01-01 02:50:45.783757', '0001-01-01 02:50:45.783757');
INSERT INTO "public2"."messages" VALUES (334338, 29, 2448, '0c05c40d04710e000b0f00a5', '0001-01-01 02:49:00', '0001-01-01 02:50:49.751326', '0001-01-01 02:50:49.751326');
INSERT INTO "public2"."messages" VALUES (334339, 29, 2447, '08050e09019f0a0f090b07e0', '0001-01-01 02:48:35', '0001-01-01 02:50:49.776821', '0001-01-01 02:50:49.776821');
INSERT INTO "public2"."messages" VALUES (334340, 29, 2446, '04065705064f06065707062f', '0001-01-01 02:48:11', '0001-01-01 02:50:49.803772', '0001-01-01 02:50:49.803772');
INSERT INTO "public2"."messages" VALUES (334341, 29, 2445, '00069c01067002043c03065f', '0001-01-01 02:47:45', '0001-01-01 02:50:49.822087', '0001-01-01 02:50:49.822087');
INSERT INTO "public2"."messages" VALUES (334342, 29, 2444, '1478116600120165', '0001-01-01 02:47:21', '0001-01-01 02:50:49.839997', '0001-01-01 02:50:49.839997');
INSERT INTO "public2"."messages" VALUES (334343, 31, 3385, '0c06330d06240e00020f0025', '0001-01-01 02:45:20', '0001-01-01 02:50:51.776241', '0001-01-01 02:50:51.776241');
INSERT INTO "public2"."messages" VALUES (334344, 31, 3384, '0807530906da0a06df0b06cd', '0001-01-01 02:44:56', '0001-01-01 02:50:51.802484', '0001-01-01 02:50:51.802484');
INSERT INTO "public2"."messages" VALUES (334345, 31, 3383, '0407230506fc0607290706a3', '0001-01-01 02:44:31', '0001-01-01 02:50:51.827378', '0001-01-01 02:50:51.827378');
INSERT INTO "public2"."messages" VALUES (334346, 31, 3382, '0007270107080207220306ab', '0001-01-01 02:44:06', '0001-01-01 02:50:51.865678', '0001-01-01 02:50:51.865678');
INSERT INTO "public2"."messages" VALUES (340610, 31, 822, '0407c30507b40607e7070768', '0001-01-01 05:40:08', '0001-01-01 05:41:15.835289', '0001-01-01 05:41:15.835289');
INSERT INTO "public2"."messages" VALUES (340611, 31, 821, '00076f01084f020866030817', '0001-01-01 05:39:43', '0001-01-01 05:41:15.857688', '0001-01-01 05:41:15.857688');
INSERT INTO "public2"."messages" VALUES (343949, 7, 133, '0c077d0d08b00e00000f0004', '0001-01-01 13:25:04', '0001-01-01 13:31:52.361493', '0001-01-01 13:31:52.361493');
INSERT INTO "public2"."messages" VALUES (343950, 7, 132, '0806b909069a0a06f90b06d6', '0001-01-01 13:24:39', '0001-01-01 13:31:52.382626', '0001-01-01 13:31:52.382626');
INSERT INTO "public2"."messages" VALUES (343951, 7, 131, '0406bc0506920606fe0706a6', '0001-01-01 13:24:14', '0001-01-01 13:31:52.39473', '0001-01-01 13:31:52.39473');
INSERT INTO "public2"."messages" VALUES (343952, 7, 130, '0006c20106c502073b0306df', '0001-01-01 13:23:49', '0001-01-01 13:31:52.407769', '0001-01-01 13:31:52.407769');
INSERT INTO "public2"."messages" VALUES (343953, 22, 1925, '0c07ef0d081b0e00000f0000', '0001-01-01 13:22:40', '0001-01-01 13:31:53.33231', '0001-01-01 13:31:53.33231');
INSERT INTO "public2"."messages" VALUES (343954, 22, 1924, '080fcf090fd00a0fcf0b0fd0', '0001-01-01 13:22:15', '0001-01-01 13:31:53.347238', '0001-01-01 13:31:53.347238');
INSERT INTO "public2"."messages" VALUES (343955, 22, 1923, '040ccf050fcf060fd0070fcf', '0001-01-01 13:21:50', '0001-01-01 13:31:53.361064', '0001-01-01 13:31:53.361064');
INSERT INTO "public2"."messages" VALUES (343956, 22, 1922, '0002c90107fe02005b0307fe', '0001-01-01 13:21:25', '0001-01-01 13:31:53.373473', '0001-01-01 13:31:53.373473');
INSERT INTO "public2"."messages" VALUES (343957, 25, 833, '0c0fa80d00200e00080f0008', '0001-01-01 13:21:37', '0001-01-01 13:31:56.370025', '0001-01-01 13:31:56.370025');
INSERT INTO "public2"."messages" VALUES (343958, 25, 832, '0806f30906f10a07c50b0709', '0001-01-01 13:21:12', '0001-01-01 13:31:56.376973', '0001-01-01 13:31:56.376973');
INSERT INTO "public2"."messages" VALUES (343959, 29, 992, '2212243300120000', '0001-01-01 13:31:27', '0001-01-01 13:31:57.342831', '0001-01-01 13:31:57.342831');
INSERT INTO "public2"."messages" VALUES (343960, 31, 1516, '0c07d90d09690e00020f0000', '0001-01-01 13:22:18', '0001-01-01 13:31:59.351702', '0001-01-01 13:31:59.351702');
INSERT INTO "public2"."messages" VALUES (343961, 31, 1515, '0807aa0907a10a07cd0b0822', '0001-01-01 13:21:53', '0001-01-01 13:31:59.379883', '0001-01-01 13:31:59.379883');
INSERT INTO "public2"."messages" VALUES (343962, 31, 1514, '0406800506cc0607ca070694', '0001-01-01 13:21:29', '0001-01-01 13:31:59.401931', '0001-01-01 13:31:59.401931');
INSERT INTO "public2"."messages" VALUES (343963, 31, 1513, '000707010787020831030750', '0001-01-01 13:21:03', '0001-01-01 13:31:59.423586', '0001-01-01 13:31:59.423586');
INSERT INTO "public2"."messages" VALUES (345806, 7, 255, '0c05c20d03af0e00110f0005', '0001-01-01 07:25:03', '0001-01-01 07:31:09.598827', '0001-01-01 07:31:09.598827');
INSERT INTO "public2"."messages" VALUES (345807, 7, 254, '08069809068a0a069a0b067b', '0001-01-01 07:24:38', '0001-01-01 07:31:09.640137', '0001-01-01 07:31:09.640137');
INSERT INTO "public2"."messages" VALUES (345808, 7, 253, '04053105053a0605ac070546', '0001-01-01 07:24:13', '0001-01-01 07:31:09.666647', '0001-01-01 07:31:09.666647');
INSERT INTO "public2"."messages" VALUES (345809, 7, 252, '0006890106940206c8030665', '0001-01-01 07:23:48', '0001-01-01 07:31:09.68535', '0001-01-01 07:31:09.68535');
INSERT INTO "public2"."messages" VALUES (346770, 7, 311, '0c07980d08770e00000f0004', '0001-01-01 15:24:31', '0001-01-01 15:31:18.265194', '0001-01-01 15:31:18.265194');
INSERT INTO "public2"."messages" VALUES (239827, 3, 1305, '0c07ce0d04b30e001c0f000a', '0001-01-01 07:17:43', '0001-01-01 07:21:15.364968', '0001-01-01 07:21:15.364968');
INSERT INTO "public2"."messages" VALUES (239828, 3, 1304, '0806980901a10a0e9a0b07f2', '0001-01-01 07:17:18', '0001-01-01 07:21:15.378338', '0001-01-01 07:21:15.378338');
INSERT INTO "public2"."messages" VALUES (239829, 3, 1303, '0407970507d0060982070778', '0001-01-01 07:16:53', '0001-01-01 07:21:15.390689', '0001-01-01 07:21:15.390689');
INSERT INTO "public2"."messages" VALUES (239830, 3, 1302, '00079201074f02078103076a', '0001-01-01 07:16:27', '0001-01-01 07:21:15.404041', '0001-01-01 07:21:15.404041');
INSERT INTO "public2"."messages" VALUES (239831, 4, 501, '0c08680d055a0e00080f0048', '0001-01-01 07:16:27', '0001-01-01 07:21:16.223562', '0001-01-01 07:21:16.223562');
INSERT INTO "public2"."messages" VALUES (239832, 4, 500, '080ffa090ffb0a0ffb0b0ffb', '0001-01-01 07:16:02', '0001-01-01 07:21:16.236803', '0001-01-01 07:21:16.236803');
INSERT INTO "public2"."messages" VALUES (239833, 4, 499, '040ffa050ffa060ffb070ffb', '0001-01-01 07:15:37', '0001-01-01 07:21:16.249036', '0001-01-01 07:21:16.249036');
INSERT INTO "public2"."messages" VALUES (239834, 4, 498, '000ff9010ff9020ff9030ff9', '0001-01-01 07:15:12', '0001-01-01 07:21:16.260686', '0001-01-01 07:21:16.260686');
INSERT INTO "public2"."messages" VALUES (239835, 4, 497, '2159139900040070', '0001-01-01 07:14:48', '0001-01-01 07:21:16.277563', '0001-01-01 07:21:16.277563');
INSERT INTO "public2"."messages" VALUES (239836, 7, 83, '0c07480d04300e00110f0005', '0001-01-01 07:16:14', '0001-01-01 07:21:17.254221', '0001-01-01 07:21:17.254221');
INSERT INTO "public2"."messages" VALUES (239837, 7, 82, '0805c60905ca0a06e70b05e1', '0001-01-01 07:15:48', '0001-01-01 07:21:17.264659', '0001-01-01 07:21:17.264659');
INSERT INTO "public2"."messages" VALUES (239838, 7, 81, '04060605061f060756070627', '0001-01-01 07:15:23', '0001-01-01 07:21:17.275022', '0001-01-01 07:21:17.275022');
INSERT INTO "public2"."messages" VALUES (239839, 7, 80, '00067801067e02072c0306a1', '0001-01-01 07:14:58', '0001-01-01 07:21:17.283618', '0001-01-01 07:21:17.283618');
INSERT INTO "public2"."messages" VALUES (239840, 29, 506, '0c08460d05260e000b0f003e', '0001-01-01 07:11:20', '0001-01-01 07:21:22.226534', '0001-01-01 07:21:22.226534');
INSERT INTO "public2"."messages" VALUES (239841, 29, 505, '08036e0901a30a0f500b08bf', '0001-01-01 07:10:55', '0001-01-01 07:21:22.241558', '0001-01-01 07:21:22.241558');
INSERT INTO "public2"."messages" VALUES (239842, 30, 417, '0c08670d05820e00030f003c', '0001-01-01 07:14:05', '0001-01-01 07:21:23.24324', '0001-01-01 07:21:23.24324');
INSERT INTO "public2"."messages" VALUES (239843, 30, 416, '0800020901a60a0eb80b08d3', '0001-01-01 07:13:40', '0001-01-01 07:21:23.258391', '0001-01-01 07:21:23.258391');
INSERT INTO "public2"."messages" VALUES (239844, 30, 415, '040f6a050f6a060f6a070f6a', '0001-01-01 07:13:15', '0001-01-01 07:21:23.269469', '0001-01-01 07:21:23.269469');
INSERT INTO "public2"."messages" VALUES (239845, 30, 414, '000f69010f69020f69030f69', '0001-01-01 07:12:50', '0001-01-01 07:21:23.280018', '0001-01-01 07:21:23.280018');
INSERT INTO "public2"."messages" VALUES (239846, 30, 413, '2163140700030064', '0001-01-01 07:12:26', '0001-01-01 07:21:23.29061', '0001-01-01 07:21:23.29061');
INSERT INTO "public2"."messages" VALUES (239847, 31, 519, '0007d00107a00207dd03078e', '0001-01-01 07:20:59', '0001-01-01 07:21:24.244686', '0001-01-01 07:21:24.244686');
INSERT INTO "public2"."messages" VALUES (276391, 29, 2602, '000f6a010f6a020f6a030f6a', '0001-01-01 17:11:25', '0001-01-01 17:11:57.593144', '0001-01-01 17:11:57.593144');
INSERT INTO "public2"."messages" VALUES (276392, 29, 2601, '2460241600120000', '0001-01-01 17:11:01', '0001-01-01 17:11:57.612728', '0001-01-01 17:11:57.612728');
INSERT INTO "public2"."messages" VALUES (276394, 31, 1544, '0c092b0d09820e00010f0000', '0001-01-01 17:08:02', '0001-01-01 17:11:59.607091', '0001-01-01 17:11:59.607091');
INSERT INTO "public2"."messages" VALUES (276395, 31, 1543, '080fd009090e0a090f0b098d', '0001-01-01 17:07:37', '0001-01-01 17:11:59.625282', '0001-01-01 17:11:59.625282');
INSERT INTO "public2"."messages" VALUES (276396, 31, 1542, '0407cf05081a06095e07083a', '0001-01-01 17:07:12', '0001-01-01 17:11:59.659366', '0001-01-01 17:11:59.659366');
INSERT INTO "public2"."messages" VALUES (276397, 31, 1541, '000953010945020949030943', '0001-01-01 17:06:48', '0001-01-01 17:11:59.689411', '0001-01-01 17:11:59.689411');
INSERT INTO "public2"."messages" VALUES (305364, 4, 2788, '000ff9010ff9020ff9030ff8', '0001-01-01 17:30:47', '0001-01-01 17:31:29.920796', '0001-01-01 17:31:29.920796');
INSERT INTO "public2"."messages" VALUES (305365, 4, 2787, '2234243000040000', '0001-01-01 17:30:23', '0001-01-01 17:31:29.943428', '0001-01-01 17:31:29.943428');
INSERT INTO "public2"."messages" VALUES (305366, 22, 2326, '0c08000d074d0e00860f0000', '0001-01-01 17:30:47', '0001-01-01 17:31:31.863981', '0001-01-01 17:31:31.863981');
INSERT INTO "public2"."messages" VALUES (305367, 22, 2325, '080fd0090fd00a0fd00b0fd0', '0001-01-01 17:30:23', '0001-01-01 17:31:31.877826', '0001-01-01 17:31:31.877826');
INSERT INTO "public2"."messages" VALUES (305368, 22, 2324, '040b48050fd0060fd0070fd0', '0001-01-01 17:29:58', '0001-01-01 17:31:31.889186', '0001-01-01 17:31:31.889186');
INSERT INTO "public2"."messages" VALUES (305369, 22, 2323, '0002f30108000200af030800', '0001-01-01 17:29:38', '0001-01-01 17:31:31.901728', '0001-01-01 17:31:31.901728');
INSERT INTO "public2"."messages" VALUES (305370, 29, 3868, '0c08a70d09830e000b0f0000', '0001-01-01 17:29:40', '0001-01-01 17:31:35.870467', '0001-01-01 17:31:35.870467');
INSERT INTO "public2"."messages" VALUES (305371, 29, 3867, '0803a70901a80a0f370b087f', '0001-01-01 17:29:15', '0001-01-01 17:31:35.887908', '0001-01-01 17:31:35.887908');
INSERT INTO "public2"."messages" VALUES (305372, 29, 3866, '040f69050f69060f69070f69', '0001-01-01 17:28:50', '0001-01-01 17:31:35.909433', '0001-01-01 17:31:35.909433');
INSERT INTO "public2"."messages" VALUES (305373, 29, 3865, '000f68010f68020f68030f68', '0001-01-01 17:28:25', '0001-01-01 17:31:35.927575', '0001-01-01 17:31:35.927575');
INSERT INTO "public2"."messages" VALUES (305374, 29, 3864, '2216243200120000', '0001-01-01 17:28:00', '0001-01-01 17:31:35.944888', '0001-01-01 17:31:35.944888');
INSERT INTO "public2"."messages" VALUES (305375, 31, 1881, '0c08380d09820e00020f0000', '0001-01-01 17:27:34', '0001-01-01 17:31:37.900152', '0001-01-01 17:31:37.900152');
INSERT INTO "public2"."messages" VALUES (305376, 31, 1880, '0806fa09061b0a02f30b08e9', '0001-01-01 17:27:09', '0001-01-01 17:31:37.919602', '0001-01-01 17:31:37.919602');
INSERT INTO "public2"."messages" VALUES (305377, 31, 1879, '0400b705076806083707075f', '0001-01-01 17:26:45', '0001-01-01 17:31:37.940968', '0001-01-01 17:31:37.940968');
INSERT INTO "public2"."messages" VALUES (305378, 31, 1878, '000f9a01084802083d030849', '0001-01-01 17:26:19', '0001-01-01 17:31:37.966749', '0001-01-01 17:31:37.966749');
INSERT INTO "public2"."messages" VALUES (310924, 31, 2915, '0c08420d09820e00010f0000', '0001-01-01 19:55:42', '0001-01-01 20:04:52.80056', '0001-01-01 20:04:52.80056');
INSERT INTO "public2"."messages" VALUES (310925, 31, 2914, '0803bc09044b0a029b0b08ce', '0001-01-01 19:55:18', '0001-01-01 20:04:52.817657', '0001-01-01 20:04:52.817657');
INSERT INTO "public2"."messages" VALUES (310926, 31, 2913, '04003f05076c0608470707ee', '0001-01-01 19:54:52', '0001-01-01 20:04:52.834996', '0001-01-01 20:04:52.834996');
INSERT INTO "public2"."messages" VALUES (310927, 31, 2912, '000f93010856020847030858', '0001-01-01 19:54:27', '0001-01-01 20:04:52.851712', '0001-01-01 20:04:52.851712');
INSERT INTO "public2"."messages" VALUES (324728, 4, 3129, '0c06a70d05b10e000d0f00b9', '0001-01-01 02:40:37', '0001-01-01 02:50:57.450087', '0001-01-01 02:50:57.450087');
INSERT INTO "public2"."messages" VALUES (324733, 22, 1868, '0c06110d00790e00030f0000', '0001-01-01 02:45:58', '0001-01-01 02:50:59.436073', '0001-01-01 02:50:59.436073');
INSERT INTO "public2"."messages" VALUES (324734, 22, 1866, '040be4050fcd060fcd070fcd', '0001-01-01 02:45:09', '0001-01-01 02:50:59.451798', '0001-01-01 02:50:59.451798');
INSERT INTO "public2"."messages" VALUES (324735, 29, 69, '0c060f0d04560e000b0f00b1', '0001-01-01 02:47:06', '0001-01-01 02:51:03.512366', '0001-01-01 02:51:03.512366');
INSERT INTO "public2"."messages" VALUES (324736, 29, 68, '08045e0901a30a0f300b084f', '0001-01-01 02:46:41', '0001-01-01 02:51:03.530987', '0001-01-01 02:51:03.530987');
INSERT INTO "public2"."messages" VALUES (301, 3, 2409, '0c07c90d036e', '0001-01-01 09:58:49', '0001-01-01 10:09:26.706667', '0001-01-01 10:09:26.706667');
INSERT INTO "public2"."messages" VALUES (302, 3, 2408, '0807170902bd0a006b0b0309', '0001-01-01 09:58:24', '0001-01-01 10:09:26.713892', '0001-01-01 10:09:26.713892');
INSERT INTO "public2"."messages" VALUES (303, 3, 2407, '04074505036d060fb50702b0', '0001-01-01 09:57:59', '0001-01-01 10:09:26.72099', '0001-01-01 10:09:26.72099');
INSERT INTO "public2"."messages" VALUES (304, 3, 2406, '000fab0100050205af0302bb', '0001-01-01 09:57:35', '0001-01-01 10:09:26.728188', '0001-01-01 10:09:26.728188');
INSERT INTO "public2"."messages" VALUES (238801, 3, 1185, '0c078a0d04610e00880f000a', '0001-01-01 00:51:37', '0001-01-01 00:51:59.792669', '0001-01-01 00:51:59.792669');
INSERT INTO "public2"."messages" VALUES (238802, 3, 1184, '08069e0901a20a0e890b0852', '0001-01-01 00:51:12', '0001-01-01 00:51:59.808706', '0001-01-01 00:51:59.808706');
INSERT INTO "public2"."messages" VALUES (238803, 3, 1183, '0407bb05080b060998070780', '0001-01-01 00:50:46', '0001-01-01 00:51:59.822487', '0001-01-01 00:51:59.822487');
INSERT INTO "public2"."messages" VALUES (238804, 3, 1182, '0007cd01077e0207b0030786', '0001-01-01 00:50:22', '0001-01-01 00:51:59.836386', '0001-01-01 00:51:59.836386');
INSERT INTO "public2"."messages" VALUES (238810, 7, 4046, '0c06c50d03780e003c0f0005', '0001-01-01 00:48:46', '0001-01-01 00:52:01.64265', '0001-01-01 00:52:01.64265');
INSERT INTO "public2"."messages" VALUES (324737, 29, 67, '040f67050f67060f68070f68', '0001-01-01 02:46:17', '0001-01-01 02:51:03.548339', '0001-01-01 02:51:03.548339');
INSERT INTO "public2"."messages" VALUES (324738, 29, 66, '000f66010f66020f66030f66', '0001-01-01 02:45:51', '0001-01-01 02:51:03.566132', '0001-01-01 02:51:03.566132');
INSERT INTO "public2"."messages" VALUES (324739, 29, 65, '1535113800120178', '0001-01-01 02:45:27', '0001-01-01 02:51:03.583827', '0001-01-01 02:51:03.583827');
INSERT INTO "public2"."messages" VALUES (324740, 31, 1417, '0c06370d056c0e00020f002a', '0001-01-01 02:41:39', '0001-01-01 02:51:05.496209', '0001-01-01 02:51:05.496209');
INSERT INTO "public2"."messages" VALUES (324741, 31, 1416, '080fc909072b0a0fca0b0766', '0001-01-01 02:41:15', '0001-01-01 02:51:05.534778', '0001-01-01 02:51:05.534778');
INSERT INTO "public2"."messages" VALUES (324742, 31, 1415, '0400f405073d06076007073e', '0001-01-01 02:40:50', '0001-01-01 02:51:05.564648', '0001-01-01 02:51:05.564648');
INSERT INTO "public2"."messages" VALUES (334347, 3, 3185, '0c05bf0d04d80e00970f000b', '0001-01-01 03:02:52', '0001-01-01 03:05:01.933238', '0001-01-01 03:05:01.933238');
INSERT INTO "public2"."messages" VALUES (334348, 3, 3184, '080c940901a20a0ec70b075e', '0001-01-01 03:02:28', '0001-01-01 03:05:01.951161', '0001-01-01 03:05:01.951161');
INSERT INTO "public2"."messages" VALUES (318, 3, 2411, '04074605036b060fb60702b0', '0001-01-01 10:11:32', '0001-01-01 10:12:01.226731', '0001-01-01 10:12:01.226731');
INSERT INTO "public2"."messages" VALUES (319, 3, 2410, '000fab0100050205b10302bb', '0001-01-01 10:11:07', '0001-01-01 10:12:01.235662', '0001-01-01 10:12:01.235662');
INSERT INTO "public2"."messages" VALUES (238811, 7, 4045, '0805ef0906140a07350b062d', '0001-01-01 00:48:21', '0001-01-01 00:52:01.655477', '0001-01-01 00:52:01.655477');
INSERT INTO "public2"."messages" VALUES (238812, 7, 4044, '04064c050684060793070685', '0001-01-01 00:47:56', '0001-01-01 00:52:01.674585', '0001-01-01 00:52:01.674585');
INSERT INTO "public2"."messages" VALUES (322, 3, 2413, '0c07c30d036e', '0001-01-01 10:12:21', '0001-01-01 10:21:08.432393', '0001-01-01 10:21:08.432393');
INSERT INTO "public2"."messages" VALUES (323, 3, 2412, '08071b0902bd0a006c0b0309', '0001-01-01 10:11:57', '0001-01-01 10:21:08.440976', '0001-01-01 10:21:08.440976');
INSERT INTO "public2"."messages" VALUES (324, 3, 2417, '0c07cd0d036e', '0001-01-01 10:25:53', '0001-01-01 10:31:27.33186', '0001-01-01 10:31:27.33186');
INSERT INTO "public2"."messages" VALUES (325, 3, 2416, '08071a0902bc0a006b0b030b', '0001-01-01 10:25:28', '0001-01-01 10:31:27.340824', '0001-01-01 10:31:27.340824');
INSERT INTO "public2"."messages" VALUES (326, 3, 2415, '04074605036b060fb60702af', '0001-01-01 10:25:04', '0001-01-01 10:31:27.348488', '0001-01-01 10:31:27.348488');
INSERT INTO "public2"."messages" VALUES (327, 3, 2414, '000fab0100050205b30302ba', '0001-01-01 10:24:38', '0001-01-01 10:31:27.355734', '0001-01-01 10:31:27.355734');
INSERT INTO "public2"."messages" VALUES (238813, 7, 4043, '0006f10106f002077103072d', '0001-01-01 00:47:31', '0001-01-01 00:52:01.696866', '0001-01-01 00:52:01.696866');
INSERT INTO "public2"."messages" VALUES (334349, 3, 3183, '04070a05070706070e0706aa', '0001-01-01 03:02:03', '0001-01-01 03:05:01.968425', '0001-01-01 03:05:01.968425');
INSERT INTO "public2"."messages" VALUES (334350, 3, 3182, '000644010639020652030604', '0001-01-01 03:01:37', '0001-01-01 03:05:01.986349', '0001-01-01 03:05:01.986349');
INSERT INTO "public2"."messages" VALUES (334351, 7, 3244, '0c065b0d05280e00600f0005', '0001-01-01 02:53:05', '0001-01-01 03:05:03.631942', '0001-01-01 03:05:03.631942');
INSERT INTO "public2"."messages" VALUES (239848, 3, 1309, '0c07d10d04ca0e00200f000a', '0001-01-01 07:30:31', '0001-01-01 07:31:25.609099', '0001-01-01 07:31:25.609099');
INSERT INTO "public2"."messages" VALUES (239849, 3, 1308, '08069a0901a10a0e6a0b07f1', '0001-01-01 07:30:06', '0001-01-01 07:31:25.626795', '0001-01-01 07:31:25.626795');
INSERT INTO "public2"."messages" VALUES (239850, 3, 1307, '04079c0507f006098e07077d', '0001-01-01 07:29:42', '0001-01-01 07:31:25.638989', '0001-01-01 07:31:25.638989');
INSERT INTO "public2"."messages" VALUES (336, 3, 2421, '0c07c90d0370', '0001-01-01 10:39:25', '0001-01-01 10:41:49.376309', '0001-01-01 10:41:49.376309');
INSERT INTO "public2"."messages" VALUES (337, 3, 2420, '08071c0902bd0a006c0b0305', '0001-01-01 10:39:01', '0001-01-01 10:41:49.384882', '0001-01-01 10:41:49.384882');
INSERT INTO "public2"."messages" VALUES (338, 3, 2419, '040748050368060fb50702b0', '0001-01-01 10:38:36', '0001-01-01 10:41:49.394748', '0001-01-01 10:41:49.394748');
INSERT INTO "public2"."messages" VALUES (339, 3, 2418, '000fab0100050205b40302bc', '0001-01-01 10:38:11', '0001-01-01 10:41:49.401292', '0001-01-01 10:41:49.401292');
INSERT INTO "public2"."messages" VALUES (238805, 4, 340, '0c080f0d03610e00090f0083', '0001-01-01 00:48:04', '0001-01-01 00:52:00.685085', '0001-01-01 00:52:00.685085');
INSERT INTO "public2"."messages" VALUES (238806, 4, 339, '080ffa090ffb0a0ffb0b0ffb', '0001-01-01 00:47:39', '0001-01-01 00:52:00.729757', '0001-01-01 00:52:00.729757');
INSERT INTO "public2"."messages" VALUES (238807, 4, 338, '040ffa050ffa060ffb070ffb', '0001-01-01 00:47:14', '0001-01-01 00:52:00.750836', '0001-01-01 00:52:00.750836');
INSERT INTO "public2"."messages" VALUES (238808, 4, 337, '000ff9010ff9020ff9030ff9', '0001-01-01 00:46:49', '0001-01-01 00:52:00.770258', '0001-01-01 00:52:00.770258');
INSERT INTO "public2"."messages" VALUES (239851, 3, 1306, '000797010754020787030770', '0001-01-01 07:29:17', '0001-01-01 07:31:25.651467', '0001-01-01 07:31:25.651467');
INSERT INTO "public2"."messages" VALUES (239852, 4, 506, '0c088c0d05ab0e00080f002d', '0001-01-01 07:28:35', '0001-01-01 07:31:26.359331', '0001-01-01 07:31:26.359331');
INSERT INTO "public2"."messages" VALUES (239853, 4, 505, '080ffb090ffb0a0ffb0b0ffb', '0001-01-01 07:28:10', '0001-01-01 07:31:26.371789', '0001-01-01 07:31:26.371789');
INSERT INTO "public2"."messages" VALUES (239854, 4, 504, '040ffa050ffa060ffa070ffb', '0001-01-01 07:27:45', '0001-01-01 07:31:26.385701', '0001-01-01 07:31:26.385701');
INSERT INTO "public2"."messages" VALUES (238809, 4, 336, '2058088000050132', '0001-01-01 00:46:25', '0001-01-01 00:52:00.78809', '0001-01-01 00:52:00.78809');
INSERT INTO "public2"."messages" VALUES (238819, 29, 345, '0c07550d02fc0e000b0f007f', '0001-01-01 00:43:11', '0001-01-01 00:52:07.647291', '0001-01-01 00:52:07.647291');
INSERT INTO "public2"."messages" VALUES (238820, 29, 344, '08036c0901a20a0ede0b08e9', '0001-01-01 00:42:47', '0001-01-01 00:52:07.665555', '0001-01-01 00:52:07.665555');
INSERT INTO "public2"."messages" VALUES (239855, 4, 503, '000ff9010ff9020ff9030ff8', '0001-01-01 07:27:20', '0001-01-01 07:31:26.402419', '0001-01-01 07:31:26.402419');
INSERT INTO "public2"."messages" VALUES (239856, 4, 502, '2181142400040043', '0001-01-01 07:26:55', '0001-01-01 07:31:26.419098', '0001-01-01 07:31:26.419098');
INSERT INTO "public2"."messages" VALUES (239857, 7, 87, '0c074d0d048d0e000d0f0005', '0001-01-01 07:27:58', '0001-01-01 07:31:27.375657', '0001-01-01 07:31:27.375657');
INSERT INTO "public2"."messages" VALUES (239858, 7, 86, '0805d90905d50a06f50b05eb', '0001-01-01 07:27:33', '0001-01-01 07:31:27.387134', '0001-01-01 07:31:27.387134');
INSERT INTO "public2"."messages" VALUES (355, 3, 2425, '0c07cc0d036f', '0001-01-01 10:52:58', '0001-01-01 11:02:22.27988', '0001-01-01 11:02:22.27988');
INSERT INTO "public2"."messages" VALUES (356, 3, 2424, '0807220902be0a00680b0307', '0001-01-01 10:52:34', '0001-01-01 11:02:22.2894', '0001-01-01 11:02:22.2894');
INSERT INTO "public2"."messages" VALUES (357, 3, 2423, '040748050368060fb60702b9', '0001-01-01 10:52:08', '0001-01-01 11:02:22.301273', '0001-01-01 11:02:22.301273');
INSERT INTO "public2"."messages" VALUES (358, 3, 2422, '000fab0100050205b50302bb', '0001-01-01 10:51:44', '0001-01-01 11:02:22.310484', '0001-01-01 11:02:22.310484');
INSERT INTO "public2"."messages" VALUES (238821, 29, 343, '040f6a050f6a060f6a070f6a', '0001-01-01 00:42:21', '0001-01-01 00:52:07.698178', '0001-01-01 00:52:07.698178');
INSERT INTO "public2"."messages" VALUES (238822, 29, 342, '000f69010f69020f69030f69', '0001-01-01 00:41:56', '0001-01-01 00:52:07.718359', '0001-01-01 00:52:07.718359');
INSERT INTO "public2"."messages" VALUES (238823, 29, 341, '1869074000120122', '0001-01-01 00:41:33', '0001-01-01 00:52:07.753655', '0001-01-01 00:52:07.753655');
INSERT INTO "public2"."messages" VALUES (239859, 7, 85, '04060d05061f0607bc070627', '0001-01-01 07:27:08', '0001-01-01 07:31:27.399132', '0001-01-01 07:31:27.399132');
INSERT INTO "public2"."messages" VALUES (239860, 7, 84, '00068301068e02073f0306b7', '0001-01-01 07:26:43', '0001-01-01 07:31:27.409009', '0001-01-01 07:31:27.409009');
INSERT INTO "public2"."messages" VALUES (239861, 29, 511, '0c083a0d05150e000b0f0034', '0001-01-01 07:23:27', '0001-01-01 07:31:32.361399', '0001-01-01 07:31:32.361399');
INSERT INTO "public2"."messages" VALUES (239862, 29, 510, '08036f0901a20a0f4c0b08be', '0001-01-01 07:23:02', '0001-01-01 07:31:32.374227', '0001-01-01 07:31:32.374227');
INSERT INTO "public2"."messages" VALUES (366, 3, 2432, '08073f0902bd0a006a0b0305', '0001-01-01 11:19:38', '0001-01-01 11:20:16.328622', '0001-01-01 11:20:16.328622');
INSERT INTO "public2"."messages" VALUES (367, 3, 2431, '040749050369060fb60702b2', '0001-01-01 11:19:14', '0001-01-01 11:20:16.339682', '0001-01-01 11:20:16.339682');
INSERT INTO "public2"."messages" VALUES (368, 3, 2430, '000fab0100050205b40302bc', '0001-01-01 11:18:49', '0001-01-01 11:20:16.349138', '0001-01-01 11:20:16.349138');
INSERT INTO "public2"."messages" VALUES (369, 3, 2429, '0c07cd0d036f', '0001-01-01 11:06:31', '0001-01-01 11:20:16.356674', '0001-01-01 11:20:16.356674');
INSERT INTO "public2"."messages" VALUES (370, 3, 2428, '0807220902bc0a006a0b0308', '0001-01-01 11:06:06', '0001-01-01 11:20:16.364354', '0001-01-01 11:20:16.364354');
INSERT INTO "public2"."messages" VALUES (371, 3, 2427, '040746050367060fb60702b2', '0001-01-01 11:05:41', '0001-01-01 11:20:16.372989', '0001-01-01 11:20:16.372989');
INSERT INTO "public2"."messages" VALUES (372, 3, 2426, '000fab0100050205b30302bb', '0001-01-01 11:05:17', '0001-01-01 11:20:16.37988', '0001-01-01 11:20:16.37988');
INSERT INTO "public2"."messages" VALUES (239863, 29, 509, '040f6c050f6c060f6c070f6d', '0001-01-01 07:22:37', '0001-01-01 07:31:32.387504', '0001-01-01 07:31:32.387504');
INSERT INTO "public2"."messages" VALUES (239864, 29, 508, '000f6b010f6b020f6b030f6b', '0001-01-01 07:22:12', '0001-01-01 07:31:32.401118', '0001-01-01 07:31:32.401118');
INSERT INTO "public2"."messages" VALUES (239865, 29, 507, '2105131000120047', '0001-01-01 07:21:49', '0001-01-01 07:31:32.414206', '0001-01-01 07:31:32.414206');
INSERT INTO "public2"."messages" VALUES (239866, 30, 422, '0c087e0d05a30e00030f0032', '0001-01-01 07:26:12', '0001-01-01 07:31:33.37845', '0001-01-01 07:31:33.37845');
INSERT INTO "public2"."messages" VALUES (239867, 30, 421, '0800010901a60a0eba0b08d1', '0001-01-01 07:25:47', '0001-01-01 07:31:33.39094', '0001-01-01 07:31:33.39094');
INSERT INTO "public2"."messages" VALUES (239868, 30, 420, '040f69050f6a060f6a070f6a', '0001-01-01 07:25:22', '0001-01-01 07:31:33.402132', '0001-01-01 07:31:33.402132');
INSERT INTO "public2"."messages" VALUES (239869, 30, 419, '000f69010f69020f69030f68', '0001-01-01 07:24:58', '0001-01-01 07:31:33.41276', '0001-01-01 07:31:33.41276');
INSERT INTO "public2"."messages" VALUES (239870, 30, 418, '2167144300030056', '0001-01-01 07:24:33', '0001-01-01 07:31:33.426058', '0001-01-01 07:31:33.426058');
INSERT INTO "public2"."messages" VALUES (381, 3, 2433, '0c07cc0d0370', '0001-01-01 11:20:03', '0001-01-01 11:21:48.888807', '0001-01-01 11:21:48.888807');
INSERT INTO "public2"."messages" VALUES (239871, 31, 522, '0c07ea0d05530e00020f0017', '0001-01-01 07:22:13', '0001-01-01 07:31:34.369591', '0001-01-01 07:31:34.369591');
INSERT INTO "public2"."messages" VALUES (239872, 31, 521, '080fc70907d20a07d60b07df', '0001-01-01 07:21:48', '0001-01-01 07:31:34.38189', '0001-01-01 07:31:34.38189');
INSERT INTO "public2"."messages" VALUES (239873, 31, 520, '0407bc0507b30607e00707a0', '0001-01-01 07:21:24', '0001-01-01 07:31:34.393355', '0001-01-01 07:31:34.393355');
INSERT INTO "public2"."messages" VALUES (276398, 7, 1109, '0c089c0d088e0e00000f0005', '0001-01-01 17:20:04', '0001-01-01 17:21:55.594181', '0001-01-01 17:21:55.594181');
INSERT INTO "public2"."messages" VALUES (276399, 7, 1108, '0807720906cc0a07b00b06c4', '0001-01-01 17:19:40', '0001-01-01 17:21:55.608751', '0001-01-01 17:21:55.608751');
INSERT INTO "public2"."messages" VALUES (276400, 7, 1107, '04079805070e06081f070828', '0001-01-01 17:19:14', '0001-01-01 17:21:55.639697', '0001-01-01 17:21:55.639697');
INSERT INTO "public2"."messages" VALUES (276401, 7, 1106, '00074b0107130207f603077d', '0001-01-01 17:18:50', '0001-01-01 17:21:55.660268', '0001-01-01 17:21:55.660268');
INSERT INTO "public2"."messages" VALUES (276407, 30, 2522, '0c098b0d09490e00030f0000', '0001-01-01 17:17:04', '0001-01-01 17:22:01.585761', '0001-01-01 17:22:01.585761');
INSERT INTO "public2"."messages" VALUES (390, 3, 2437, '0c07d10d036f', '0001-01-01 11:33:35', '0001-01-01 11:41:51.12895', '0001-01-01 11:41:51.12895');
INSERT INTO "public2"."messages" VALUES (391, 3, 2436, '08073f0902be0a006a0b0309', '0001-01-01 11:33:11', '0001-01-01 11:41:51.13711', '0001-01-01 11:41:51.13711');
INSERT INTO "public2"."messages" VALUES (392, 3, 2435, '040749050367060fb60702b4', '0001-01-01 11:32:46', '0001-01-01 11:41:51.144583', '0001-01-01 11:41:51.144583');
INSERT INTO "public2"."messages" VALUES (393, 3, 2434, '000fab0100050205b20302b9', '0001-01-01 11:32:21', '0001-01-01 11:41:51.154383', '0001-01-01 11:41:51.154383');
INSERT INTO "public2"."messages" VALUES (276408, 30, 2521, '0800530902bf0a0f030b08d4', '0001-01-01 17:16:39', '0001-01-01 17:22:01.621995', '0001-01-01 17:22:01.621995');
INSERT INTO "public2"."messages" VALUES (276409, 30, 2520, '040f54050f55060f55070f55', '0001-01-01 17:16:14', '0001-01-01 17:22:01.64166', '0001-01-01 17:22:01.64166');
INSERT INTO "public2"."messages" VALUES (276410, 30, 2519, '000f54010f54020f54030f53', '0001-01-01 17:15:49', '0001-01-01 17:22:01.661896', '0001-01-01 17:22:01.661896');
INSERT INTO "public2"."messages" VALUES (276411, 30, 2518, '2442237600030000', '0001-01-01 17:15:25', '0001-01-01 17:22:01.681812', '0001-01-01 17:22:01.681812');
INSERT INTO "public2"."messages" VALUES (305379, 4, 2796, '0c08bd0d09810e000a0f0000', '0001-01-01 17:44:09', '0001-01-01 17:50:47.669876', '0001-01-01 17:50:47.669876');
INSERT INTO "public2"."messages" VALUES (399, 3, 2441, '0c07d50d0372', '0001-01-01 11:47:08', '0001-01-01 11:51:42.877902', '0001-01-01 11:51:42.877902');
INSERT INTO "public2"."messages" VALUES (400, 3, 2440, '0807430902c00a006b0b0307', '0001-01-01 11:46:44', '0001-01-01 11:51:42.886147', '0001-01-01 11:51:42.886147');
INSERT INTO "public2"."messages" VALUES (401, 3, 2439, '040749050369060fb50702b6', '0001-01-01 11:46:19', '0001-01-01 11:51:42.893029', '0001-01-01 11:51:42.893029');
INSERT INTO "public2"."messages" VALUES (402, 3, 2438, '000fab0100050205b40302bd', '0001-01-01 11:45:54', '0001-01-01 11:51:42.902499', '0001-01-01 11:51:42.902499');
INSERT INTO "public2"."messages" VALUES (305380, 4, 2795, '080ffb090ffb0a0ffb0b0ffb', '0001-01-01 17:43:44', '0001-01-01 17:50:47.693107', '0001-01-01 17:50:47.693107');
INSERT INTO "public2"."messages" VALUES (305381, 4, 2794, '040ffa050ffa060ffb070ffb', '0001-01-01 17:43:20', '0001-01-01 17:50:47.713075', '0001-01-01 17:50:47.713075');
INSERT INTO "public2"."messages" VALUES (405, 3, 2445, '0c07d90d0378', '0001-01-01 12:00:41', '0001-01-01 12:10:16.378756', '0001-01-01 12:10:16.378756');
INSERT INTO "public2"."messages" VALUES (406, 3, 2444, '0807430902c30a006c0b030e', '0001-01-01 12:00:16', '0001-01-01 12:10:16.387555', '0001-01-01 12:10:16.387555');
INSERT INTO "public2"."messages" VALUES (407, 3, 2443, '04074f05036e060fb60702b8', '0001-01-01 11:59:51', '0001-01-01 12:10:16.395042', '0001-01-01 12:10:16.395042');
INSERT INTO "public2"."messages" VALUES (408, 3, 2442, '000fab0100050205b70302c1', '0001-01-01 11:59:26', '0001-01-01 12:10:16.404432', '0001-01-01 12:10:16.404432');
INSERT INTO "public2"."messages" VALUES (305382, 4, 2793, '000ff9010ff9020ff9030ff9', '0001-01-01 17:42:55', '0001-01-01 17:50:47.734567', '0001-01-01 17:50:47.734567');
INSERT INTO "public2"."messages" VALUES (305383, 4, 2792, '2238242900040000', '0001-01-01 17:42:30', '0001-01-01 17:50:47.758261', '0001-01-01 17:50:47.758261');
INSERT INTO "public2"."messages" VALUES (305384, 4, 2791, '0c08b90d09810e000a0f0000', '0001-01-01 17:32:01', '0001-01-01 17:50:47.78686', '0001-01-01 17:50:47.78686');
INSERT INTO "public2"."messages" VALUES (305385, 4, 2790, '080ffb090ffb0a0ffb0b0ffb', '0001-01-01 17:31:37', '0001-01-01 17:50:47.809786', '0001-01-01 17:50:47.809786');
INSERT INTO "public2"."messages" VALUES (305386, 4, 2789, '040ffa050ffa060ffb070ffb', '0001-01-01 17:31:12', '0001-01-01 17:50:47.83349', '0001-01-01 17:50:47.83349');
INSERT INTO "public2"."messages" VALUES (305391, 22, 2330, '0c08060d076a0e008c0f0000', '0001-01-01 17:42:36', '0001-01-01 17:50:49.659335', '0001-01-01 17:50:49.659335');
INSERT INTO "public2"."messages" VALUES (239874, 4, 510, '080ffa090ffb0a0ffb0b0ffb', '0001-01-01 07:40:18', '0001-01-01 07:40:53.192332', '0001-01-01 07:40:53.192332');
INSERT INTO "public2"."messages" VALUES (239875, 4, 509, '040ffa050ffa060ffb070ffb', '0001-01-01 07:39:53', '0001-01-01 07:40:53.211841', '0001-01-01 07:40:53.211841');
INSERT INTO "public2"."messages" VALUES (239876, 4, 508, '000ff9010ff9020ff9030ff8', '0001-01-01 07:39:28', '0001-01-01 07:40:53.225394', '0001-01-01 07:40:53.225394');
INSERT INTO "public2"."messages" VALUES (239877, 4, 507, '2213147400040038', '0001-01-01 07:39:04', '0001-01-01 07:40:53.237292', '0001-01-01 07:40:53.237292');
INSERT INTO "public2"."messages" VALUES (239878, 7, 91, '0c07660d049c0e000b0f0005', '0001-01-01 07:39:42', '0001-01-01 07:40:54.138228', '0001-01-01 07:40:54.138228');
INSERT INTO "public2"."messages" VALUES (239879, 7, 90, '0805e20905d50a06fa0b05ec', '0001-01-01 07:39:17', '0001-01-01 07:40:54.152757', '0001-01-01 07:40:54.152757');
INSERT INTO "public2"."messages" VALUES (239880, 7, 89, '04060605060d06075a07060b', '0001-01-01 07:38:52', '0001-01-01 07:40:54.164503', '0001-01-01 07:40:54.164503');
INSERT INTO "public2"."messages" VALUES (239881, 7, 88, '00068a01069502074b0306c4', '0001-01-01 07:38:28', '0001-01-01 07:40:54.176352', '0001-01-01 07:40:54.176352');
INSERT INTO "public2"."messages" VALUES (239882, 29, 516, '0c085e0d05590e000b0f0029', '0001-01-01 07:35:35', '0001-01-01 07:40:59.167145', '0001-01-01 07:40:59.167145');
INSERT INTO "public2"."messages" VALUES (425, 3, 2449, '0c07dd0d0378', '0001-01-01 12:14:13', '0001-01-01 12:21:56.224771', '0001-01-01 12:21:56.224771');
INSERT INTO "public2"."messages" VALUES (426, 3, 2448, '0807430902c50a006c0b030e', '0001-01-01 12:13:48', '0001-01-01 12:21:56.235123', '0001-01-01 12:21:56.235123');
INSERT INTO "public2"."messages" VALUES (427, 3, 2447, '040752050370060fb60702ba', '0001-01-01 12:13:24', '0001-01-01 12:21:56.243312', '0001-01-01 12:21:56.243312');
INSERT INTO "public2"."messages" VALUES (428, 3, 2446, '000fab0100050205b90302c0', '0001-01-01 12:12:59', '0001-01-01 12:21:56.252127', '0001-01-01 12:21:56.252127');
INSERT INTO "public2"."messages" VALUES (239883, 29, 515, '0803700901a30a0f480b08bc', '0001-01-01 07:35:11', '0001-01-01 07:40:59.180629', '0001-01-01 07:40:59.180629');
INSERT INTO "public2"."messages" VALUES (238824, 30, 257, '0c084d0d037e0e00030f0087', '0001-01-01 00:46:15', '0001-01-01 00:52:08.652208', '0001-01-01 00:52:08.652208');
INSERT INTO "public2"."messages" VALUES (238825, 30, 256, '0800270901a50a0edd0b0901', '0001-01-01 00:45:50', '0001-01-01 00:52:08.665466', '0001-01-01 00:52:08.665466');
INSERT INTO "public2"."messages" VALUES (238826, 30, 255, '040f6b050f6b060f6b070f6c', '0001-01-01 00:45:25', '0001-01-01 00:52:08.683111', '0001-01-01 00:52:08.683111');
INSERT INTO "public2"."messages" VALUES (239884, 29, 514, '040f6c050f6c060f6c070f6c', '0001-01-01 07:34:45', '0001-01-01 07:40:59.193793', '0001-01-01 07:40:59.193793');
INSERT INTO "public2"."messages" VALUES (239885, 29, 513, '000f6b010f6b020f6b030f6b', '0001-01-01 07:34:21', '0001-01-01 07:40:59.206101', '0001-01-01 07:40:59.206101');
INSERT INTO "public2"."messages" VALUES (435, 3, 2453, '0c07dd0d0378', '0001-01-01 12:27:45', '0001-01-01 12:31:57.689817', '0001-01-01 12:31:57.689817');
INSERT INTO "public2"."messages" VALUES (436, 3, 2452, '0807350902c00a006c0b0314', '0001-01-01 12:27:20', '0001-01-01 12:31:57.706914', '0001-01-01 12:31:57.706914');
INSERT INTO "public2"."messages" VALUES (437, 3, 2451, '040753050371060fb60702b7', '0001-01-01 12:26:55', '0001-01-01 12:31:57.717611', '0001-01-01 12:31:57.717611');
INSERT INTO "public2"."messages" VALUES (438, 3, 2450, '000fab0100050205b90302bf', '0001-01-01 12:26:31', '0001-01-01 12:31:57.731885', '0001-01-01 12:31:57.731885');
INSERT INTO "public2"."messages" VALUES (238827, 30, 254, '000f6a010f6a020f6a030f6a', '0001-01-01 00:45:01', '0001-01-01 00:52:08.695888', '0001-01-01 00:52:08.695888');
INSERT INTO "public2"."messages" VALUES (239886, 29, 512, '2136135700120037', '0001-01-01 07:33:56', '0001-01-01 07:40:59.217123', '0001-01-01 07:40:59.217123');
INSERT INTO "public2"."messages" VALUES (239887, 30, 427, '0c08960d05d20e00030f0027', '0001-01-01 07:38:19', '0001-01-01 07:41:00.14241', '0001-01-01 07:41:00.14241');
INSERT INTO "public2"."messages" VALUES (442, 3, 2457, '0c07e00d037a', '0001-01-01 12:41:18', '0001-01-01 12:41:43.299595', '0001-01-01 12:41:43.299595');
INSERT INTO "public2"."messages" VALUES (443, 3, 2456, '08073f0902c40a00700b0319', '0001-01-01 12:40:53', '0001-01-01 12:41:43.310451', '0001-01-01 12:41:43.310451');
INSERT INTO "public2"."messages" VALUES (444, 3, 2455, '040757050374060fb70702b7', '0001-01-01 12:40:28', '0001-01-01 12:41:43.319066', '0001-01-01 12:41:43.319066');
INSERT INTO "public2"."messages" VALUES (445, 3, 2454, '000fab0100050205bc0302c1', '0001-01-01 12:40:03', '0001-01-01 12:41:43.326724', '0001-01-01 12:41:43.326724');
INSERT INTO "public2"."messages" VALUES (238828, 30, 253, '2125084600030130', '0001-01-01 00:44:36', '0001-01-01 00:52:08.709505', '0001-01-01 00:52:08.709505');
INSERT INTO "public2"."messages" VALUES (238829, 31, 386, '0c07bf0d05750e00020f0045', '0001-01-01 00:43:08', '0001-01-01 00:52:09.655666', '0001-01-01 00:52:09.655666');
INSERT INTO "public2"."messages" VALUES (239888, 30, 426, '0800010901a60a0ebc0b08cf', '0001-01-01 07:37:54', '0001-01-01 07:41:00.15356', '0001-01-01 07:41:00.15356');
INSERT INTO "public2"."messages" VALUES (239889, 30, 425, '040f69050f6a060f6a070f6a', '0001-01-01 07:37:29', '0001-01-01 07:41:00.164535', '0001-01-01 07:41:00.164535');
INSERT INTO "public2"."messages" VALUES (239890, 30, 424, '000f69010f69020f69030f68', '0001-01-01 07:37:04', '0001-01-01 07:41:00.175879', '0001-01-01 07:41:00.175879');
INSERT INTO "public2"."messages" VALUES (239891, 30, 423, '2194148100030042', '0001-01-01 07:36:40', '0001-01-01 07:41:00.187392', '0001-01-01 07:41:00.187392');
INSERT INTO "public2"."messages" VALUES (238830, 31, 385, '080fc70907f60a07f60b07e3', '0001-01-01 00:42:43', '0001-01-01 00:52:09.668085', '0001-01-01 00:52:09.668085');
INSERT INTO "public2"."messages" VALUES (238831, 31, 384, '0407e30507d20607ec0707c8', '0001-01-01 00:42:17', '0001-01-01 00:52:09.679514', '0001-01-01 00:52:09.679514');
INSERT INTO "public2"."messages" VALUES (238832, 31, 383, '0007f10107ba0207d70307c1', '0001-01-01 00:41:53', '0001-01-01 00:52:09.69072', '0001-01-01 00:52:09.69072');
INSERT INTO "public2"."messages" VALUES (239892, 31, 526, '0c07eb0d05570e00020f0016', '0001-01-01 07:33:58', '0001-01-01 07:41:01.214378', '0001-01-01 07:41:01.214378');
INSERT INTO "public2"."messages" VALUES (239893, 31, 525, '080fc70907da0a07e10b07e6', '0001-01-01 07:33:33', '0001-01-01 07:41:01.229823', '0001-01-01 07:41:01.229823');
INSERT INTO "public2"."messages" VALUES (239894, 31, 524, '0407c40507ba0607e60707a7', '0001-01-01 07:33:08', '0001-01-01 07:41:01.241454', '0001-01-01 07:41:01.241454');
INSERT INTO "public2"."messages" VALUES (239895, 31, 523, '0007d80107a90207e4030797', '0001-01-01 07:32:43', '0001-01-01 07:41:01.257052', '0001-01-01 07:41:01.257052');
INSERT INTO "public2"."messages" VALUES (276402, 22, 1989, '0c08b50d09790e019e0f0000', '0001-01-01 17:14:03', '0001-01-01 17:21:56.575867', '0001-01-01 17:21:56.575867');
INSERT INTO "public2"."messages" VALUES (460, 3, 2465, '0c07e80d037e', '0001-01-01 13:08:21', '0001-01-01 13:09:37.294229', '0001-01-01 13:09:37.294229');
INSERT INTO "public2"."messages" VALUES (461, 3, 2464, '08073a0902c60a006e0b0315', '0001-01-01 13:07:56', '0001-01-01 13:09:37.303465', '0001-01-01 13:09:37.303465');
INSERT INTO "public2"."messages" VALUES (462, 3, 2463, '04075a050372060fb60702c1', '0001-01-01 13:07:32', '0001-01-01 13:09:37.311187', '0001-01-01 13:09:37.311187');
INSERT INTO "public2"."messages" VALUES (463, 3, 2462, '000fab0100050205bf0302bf', '0001-01-01 13:07:07', '0001-01-01 13:09:37.318497', '0001-01-01 13:09:37.318497');
INSERT INTO "public2"."messages" VALUES (464, 3, 2461, '0c07e00d037d', '0001-01-01 12:54:49', '0001-01-01 13:09:37.325059', '0001-01-01 13:09:37.325059');
INSERT INTO "public2"."messages" VALUES (465, 3, 2460, '0807400902c50a006e0b0315', '0001-01-01 12:54:24', '0001-01-01 13:09:37.331619', '0001-01-01 13:09:37.331619');
INSERT INTO "public2"."messages" VALUES (466, 3, 2459, '04075b050373060fb60702b8', '0001-01-01 12:53:59', '0001-01-01 13:09:37.337784', '0001-01-01 13:09:37.337784');
INSERT INTO "public2"."messages" VALUES (467, 3, 2458, '000fab0100050205bf0302c3', '0001-01-01 12:53:34', '0001-01-01 13:09:37.343783', '0001-01-01 13:09:37.343783');
INSERT INTO "public2"."messages" VALUES (276403, 22, 1988, '080fd1090fd10a0fd10b0fd1', '0001-01-01 17:13:29', '0001-01-01 17:21:56.591808', '0001-01-01 17:21:56.591808');
INSERT INTO "public2"."messages" VALUES (276404, 29, 2605, '0c099c0d09710e000b0f0000', '0001-01-01 17:12:39', '0001-01-01 17:22:00.600098', '0001-01-01 17:22:00.600098');
INSERT INTO "public2"."messages" VALUES (276405, 29, 2604, '08033e0901a80a0f0f0b08c5', '0001-01-01 17:12:15', '0001-01-01 17:22:00.616923', '0001-01-01 17:22:00.616923');
INSERT INTO "public2"."messages" VALUES (276406, 29, 2603, '040f6b050f6b060f6b070f6b', '0001-01-01 17:11:50', '0001-01-01 17:22:00.632791', '0001-01-01 17:22:00.632791');
INSERT INTO "public2"."messages" VALUES (276412, 31, 1548, '0c092d0d09820e00010f0000', '0001-01-01 17:19:46', '0001-01-01 17:22:02.588093', '0001-01-01 17:22:02.588093');
INSERT INTO "public2"."messages" VALUES (276413, 31, 1547, '080fcf0909170a09130b0920', '0001-01-01 17:19:21', '0001-01-01 17:22:02.606531', '0001-01-01 17:22:02.606531');
INSERT INTO "public2"."messages" VALUES (276414, 31, 1546, '0407d405081c060960070826', '0001-01-01 17:18:56', '0001-01-01 17:22:02.623187', '0001-01-01 17:22:02.623187');
INSERT INTO "public2"."messages" VALUES (276415, 31, 1545, '000933010925020928030923', '0001-01-01 17:18:31', '0001-01-01 17:22:02.639186', '0001-01-01 17:22:02.639186');
INSERT INTO "public2"."messages" VALUES (305387, 7, 217, '0c08020d08d70e00000f0006', '0001-01-01 17:32:43', '0001-01-01 17:50:48.671249', '0001-01-01 17:50:48.671249');
INSERT INTO "public2"."messages" VALUES (305388, 7, 216, '0806910906500a06d30b06bc', '0001-01-01 17:32:18', '0001-01-01 17:50:48.700325', '0001-01-01 17:50:48.700325');
INSERT INTO "public2"."messages" VALUES (305389, 7, 215, '04064d05064806070b0706c1', '0001-01-01 17:31:53', '0001-01-01 17:50:48.716359', '0001-01-01 17:50:48.716359');
INSERT INTO "public2"."messages" VALUES (479, 3, 2468, '08073c0902c70a006c0b0314', '0001-01-01 13:21:27', '0001-01-01 13:21:46.598509', '0001-01-01 13:21:46.598509');
INSERT INTO "public2"."messages" VALUES (480, 3, 2467, '04075b050370060fb60702bf', '0001-01-01 13:21:03', '0001-01-01 13:21:46.615421', '0001-01-01 13:21:46.615421');
INSERT INTO "public2"."messages" VALUES (481, 3, 2466, '000fab0100050205c00302c0', '0001-01-01 13:20:38', '0001-01-01 13:21:46.623707', '0001-01-01 13:21:46.623707');
INSERT INTO "public2"."messages" VALUES (305390, 7, 214, '0006de01066702070a03066f', '0001-01-01 17:31:27', '0001-01-01 17:50:48.731263', '0001-01-01 17:50:48.731263');
INSERT INTO "public2"."messages" VALUES (310928, 4, 3940, '2253243300050000', '0001-01-01 20:11:17', '0001-01-01 20:12:03.412017', '0001-01-01 20:12:03.412017');
INSERT INTO "public2"."messages" VALUES (310929, 4, 3939, '2253243300050000', '0001-01-01 20:09:54', '0001-01-01 20:12:03.431902', '0001-01-01 20:12:03.431902');
INSERT INTO "public2"."messages" VALUES (310930, 4, 3938, '2253243300050000', '0001-01-01 20:08:34', '0001-01-01 20:12:03.455022', '0001-01-01 20:12:03.455022');
INSERT INTO "public2"."messages" VALUES (486, 3, 2473, '0c07e80d037c', '0001-01-01 13:35:24', '0001-01-01 13:36:22.522208', '0001-01-01 13:36:22.522208');
INSERT INTO "public2"."messages" VALUES (487, 3, 2472, '08073b0902c60a006e0b0312', '0001-01-01 13:34:59', '0001-01-01 13:36:22.529544', '0001-01-01 13:36:22.529544');
INSERT INTO "public2"."messages" VALUES (488, 3, 2471, '04075c050372060fb60702b9', '0001-01-01 13:34:34', '0001-01-01 13:36:22.53641', '0001-01-01 13:36:22.53641');
INSERT INTO "public2"."messages" VALUES (489, 3, 2470, '000fab0100050205c00302c2', '0001-01-01 13:34:10', '0001-01-01 13:36:22.543035', '0001-01-01 13:36:22.543035');
INSERT INTO "public2"."messages" VALUES (490, 3, 2469, '0c07e70d037a', '0001-01-01 13:21:52', '0001-01-01 13:36:22.549212', '0001-01-01 13:36:22.549212');
INSERT INTO "public2"."messages" VALUES (310931, 4, 3937, '2253243300050000', '0001-01-01 20:07:07', '0001-01-01 20:12:03.477686', '0001-01-01 20:12:03.477686');
INSERT INTO "public2"."messages" VALUES (310932, 4, 3936, '2253243300050000', '0001-01-01 20:05:10', '0001-01-01 20:12:03.495989', '0001-01-01 20:12:03.495989');
INSERT INTO "public2"."messages" VALUES (310933, 22, 3364, '0c08520d08e10e01420f0000', '0001-01-01 20:09:51', '0001-01-01 20:12:05.409345', '0001-01-01 20:12:05.409345');
INSERT INTO "public2"."messages" VALUES (310934, 22, 3363, '080fd0090fd00a0fd10b0fd1', '0001-01-01 20:09:26', '0001-01-01 20:12:05.424269', '0001-01-01 20:12:05.424269');
INSERT INTO "public2"."messages" VALUES (310935, 22, 3362, '040b8a050fd0060fd0070fd1', '0001-01-01 20:09:01', '0001-01-01 20:12:05.439928', '0001-01-01 20:12:05.439928');
INSERT INTO "public2"."messages" VALUES (310936, 22, 3361, '0002fb01084b0200af03084b', '0001-01-01 20:08:36', '0001-01-01 20:12:05.454898', '0001-01-01 20:12:05.454898');
INSERT INTO "public2"."messages" VALUES (324743, 3, 1959, '0c05d30d040b0e00a00f000b', '0001-01-01 03:00:05', '0001-01-01 03:04:44.273002', '0001-01-01 03:04:44.273002');
INSERT INTO "public2"."messages" VALUES (238833, 3, 1189, '0c07550d03500e008c0f000a', '0001-01-01 01:04:28', '0001-01-01 01:11:38.823777', '0001-01-01 01:11:38.823777');
INSERT INTO "public2"."messages" VALUES (238834, 3, 1188, '0806990901a10a0e850b084f', '0001-01-01 01:04:03', '0001-01-01 01:11:38.839229', '0001-01-01 01:11:38.839229');
INSERT INTO "public2"."messages" VALUES (239896, 3, 1313, '0c07d70d04dd0e001c0f000a', '0001-01-01 07:43:20', '0001-01-01 07:50:51.384347', '0001-01-01 07:50:51.384347');
INSERT INTO "public2"."messages" VALUES (502, 3, 2477, '0c07ed0d037e', '0001-01-01 13:48:57', '0001-01-01 13:51:24.236843', '0001-01-01 13:51:24.236843');
INSERT INTO "public2"."messages" VALUES (503, 3, 2476, '08073b0902c00a006e0b0319', '0001-01-01 13:48:32', '0001-01-01 13:51:24.245344', '0001-01-01 13:51:24.245344');
INSERT INTO "public2"."messages" VALUES (504, 3, 2475, '04075e050375060fb70702b3', '0001-01-01 13:48:07', '0001-01-01 13:51:24.251993', '0001-01-01 13:51:24.251993');
INSERT INTO "public2"."messages" VALUES (505, 3, 2474, '000fab0100050205c10302c0', '0001-01-01 13:47:43', '0001-01-01 13:51:24.260502', '0001-01-01 13:51:24.260502');
INSERT INTO "public2"."messages" VALUES (238835, 3, 1187, '0407b70507f1060990070775', '0001-01-01 01:03:39', '0001-01-01 01:11:38.852529', '0001-01-01 01:11:38.852529');
INSERT INTO "public2"."messages" VALUES (238836, 3, 1186, '0007c60107750207a7030779', '0001-01-01 01:03:13', '0001-01-01 01:11:38.866663', '0001-01-01 01:11:38.866663');
INSERT INTO "public2"."messages" VALUES (238844, 7, 4051, '0006bb0106c80207610306cd', '0001-01-01 01:11:00', '0001-01-01 01:11:40.592128', '0001-01-01 01:11:40.592128');
INSERT INTO "public2"."messages" VALUES (238845, 7, 4050, '0c06f00d03740e004a0f0005', '0001-01-01 01:00:30', '0001-01-01 01:11:40.606209', '0001-01-01 01:11:40.606209');
INSERT INTO "public2"."messages" VALUES (239897, 3, 1312, '08069a0901a10a0e960b07f1', '0001-01-01 07:42:55', '0001-01-01 07:50:51.404655', '0001-01-01 07:50:51.404655');
INSERT INTO "public2"."messages" VALUES (239898, 3, 1311, '04079e0507da060991070780', '0001-01-01 07:42:30', '0001-01-01 07:50:51.420199', '0001-01-01 07:50:51.420199');
INSERT INTO "public2"."messages" VALUES (239899, 3, 1310, '000797010753020786030770', '0001-01-01 07:42:06', '0001-01-01 07:50:51.434595', '0001-01-01 07:50:51.434595');
INSERT INTO "public2"."messages" VALUES (513, 3, 2479, '04075f050375060fb60702b1', '0001-01-01 14:01:40', '0001-01-01 14:02:17.146549', '0001-01-01 14:02:17.146549');
INSERT INTO "public2"."messages" VALUES (514, 3, 2478, '000faa0100050205c30302c0', '0001-01-01 14:01:14', '0001-01-01 14:02:17.161936', '0001-01-01 14:02:17.161936');
INSERT INTO "public2"."messages" VALUES (239900, 4, 511, '0c08a40d05e40e00080f0024', '0001-01-01 07:40:43', '0001-01-01 07:50:52.20441', '0001-01-01 07:50:52.20441');
INSERT INTO "public2"."messages" VALUES (239901, 7, 92, '0006990106a102075a0306d3', '0001-01-01 07:50:12', '0001-01-01 07:50:53.185246', '0001-01-01 07:50:53.185246');
INSERT INTO "public2"."messages" VALUES (239902, 29, 521, '0c08710d05a10e000b0f0026', '0001-01-01 07:47:42', '0001-01-01 07:50:58.2092', '0001-01-01 07:50:58.2092');
INSERT INTO "public2"."messages" VALUES (239903, 29, 520, '0803710901a30a0f460b08bb', '0001-01-01 07:47:17', '0001-01-01 07:50:58.223146', '0001-01-01 07:50:58.223146');
INSERT INTO "public2"."messages" VALUES (519, 3, 2481, '0c07e40d037c', '0001-01-01 14:02:28', '0001-01-01 14:11:50.108761', '0001-01-01 14:11:50.108761');
INSERT INTO "public2"."messages" VALUES (520, 3, 2480, '0807430902c00a006b0b0316', '0001-01-01 14:02:04', '0001-01-01 14:11:50.128239', '0001-01-01 14:11:50.128239');
INSERT INTO "public2"."messages" VALUES (238846, 7, 4049, '08060e0906450a074e0b065b', '0001-01-01 01:00:06', '0001-01-01 01:11:40.617774', '0001-01-01 01:11:40.617774');
INSERT INTO "public2"."messages" VALUES (238847, 7, 4048, '04067d0506a306079e0706a4', '0001-01-01 00:59:41', '0001-01-01 01:11:40.62908', '0001-01-01 01:11:40.62908');
INSERT INTO "public2"."messages" VALUES (238848, 7, 4047, '0006e50106e502077403070c', '0001-01-01 00:59:16', '0001-01-01 01:11:40.638881', '0001-01-01 01:11:40.638881');
INSERT INTO "public2"."messages" VALUES (239904, 29, 519, '040f6c050f6c060f6c070f6c', '0001-01-01 07:46:53', '0001-01-01 07:50:58.235484', '0001-01-01 07:50:58.235484');
INSERT INTO "public2"."messages" VALUES (239905, 29, 518, '000f6b010f6b020f6b030f6a', '0001-01-01 07:46:28', '0001-01-01 07:50:58.247079', '0001-01-01 07:50:58.247079');
INSERT INTO "public2"."messages" VALUES (239906, 29, 517, '2163144000120032', '0001-01-01 07:46:04', '0001-01-01 07:50:58.258839', '0001-01-01 07:50:58.258839');
INSERT INTO "public2"."messages" VALUES (239907, 30, 432, '0c08a80d05da0e00030f0022', '0001-01-01 07:50:26', '0001-01-01 07:50:59.186448', '0001-01-01 07:50:59.186448');
INSERT INTO "public2"."messages" VALUES (239908, 30, 431, '0800020901a60a0eba0b08ce', '0001-01-01 07:50:01', '0001-01-01 07:50:59.20198', '0001-01-01 07:50:59.20198');
INSERT INTO "public2"."messages" VALUES (529, 3, 2485, '0c07e90d037f', '0001-01-01 14:16:02', '0001-01-01 14:22:04.604235', '0001-01-01 14:22:04.604235');
INSERT INTO "public2"."messages" VALUES (530, 3, 2484, '0807480902c10a006c0b0315', '0001-01-01 14:15:37', '0001-01-01 14:22:04.613653', '0001-01-01 14:22:04.613653');
INSERT INTO "public2"."messages" VALUES (531, 3, 2483, '04075f050374060fb60702b5', '0001-01-01 14:15:12', '0001-01-01 14:22:04.620978', '0001-01-01 14:22:04.620978');
INSERT INTO "public2"."messages" VALUES (532, 3, 2482, '000fab0100050205c20302c1', '0001-01-01 14:14:47', '0001-01-01 14:22:04.627457', '0001-01-01 14:22:04.627457');
INSERT INTO "public2"."messages" VALUES (239909, 30, 430, '040f6a050f6a060f6a070f6a', '0001-01-01 07:49:36', '0001-01-01 07:50:59.213482', '0001-01-01 07:50:59.213482');
INSERT INTO "public2"."messages" VALUES (239910, 30, 429, '000f69010f69020f69030f68', '0001-01-01 07:49:11', '0001-01-01 07:50:59.224693', '0001-01-01 07:50:59.224693');
INSERT INTO "public2"."messages" VALUES (239911, 30, 428, '2214150800030036', '0001-01-01 07:48:47', '0001-01-01 07:50:59.237108', '0001-01-01 07:50:59.237108');
INSERT INTO "public2"."messages" VALUES (239912, 31, 530, '0c07f10d055f0e00020f0016', '0001-01-01 07:45:42', '0001-01-01 07:51:00.225247', '0001-01-01 07:51:00.225247');
INSERT INTO "public2"."messages" VALUES (239913, 31, 529, '080fc70907e00a07e00b07ed', '0001-01-01 07:45:16', '0001-01-01 07:51:00.237195', '0001-01-01 07:51:00.237195');
INSERT INTO "public2"."messages" VALUES (538, 3, 2489, '0c07e70d0380', '0001-01-01 14:29:34', '0001-01-01 14:31:43.028792', '0001-01-01 14:31:43.028792');
INSERT INTO "public2"."messages" VALUES (539, 3, 2488, '0807490902c30a006e0b0314', '0001-01-01 14:29:09', '0001-01-01 14:31:43.038064', '0001-01-01 14:31:43.038064');
INSERT INTO "public2"."messages" VALUES (540, 3, 2487, '040761050375060fb60702b7', '0001-01-01 14:28:44', '0001-01-01 14:31:43.047213', '0001-01-01 14:31:43.047213');
INSERT INTO "public2"."messages" VALUES (541, 3, 2486, '000fab0100050205c30302c3', '0001-01-01 14:28:19', '0001-01-01 14:31:43.05659', '0001-01-01 14:31:43.05659');
INSERT INTO "public2"."messages" VALUES (239914, 31, 528, '0407c50507bb0607ea0707a8', '0001-01-01 07:44:52', '0001-01-01 07:51:00.248942', '0001-01-01 07:51:00.248942');
INSERT INTO "public2"."messages" VALUES (239915, 31, 527, '0007db0107ac0207ea030799', '0001-01-01 07:44:28', '0001-01-01 07:51:00.260584', '0001-01-01 07:51:00.260584');
INSERT INTO "public2"."messages" VALUES (276416, 7, 1110, '00074c0107160207fa030780', '0001-01-01 17:30:35', '0001-01-01 17:31:11.326541', '0001-01-01 17:31:11.326541');
INSERT INTO "public2"."messages" VALUES (276425, 30, 2527, '0c098a0d094d0e00030f0000', '0001-01-01 17:29:11', '0001-01-01 17:31:17.362349', '0001-01-01 17:31:17.362349');
INSERT INTO "public2"."messages" VALUES (276426, 30, 2526, '0800530902c70a0f010b08d4', '0001-01-01 17:28:46', '0001-01-01 17:31:17.390267', '0001-01-01 17:31:17.390267');
INSERT INTO "public2"."messages" VALUES (276427, 30, 2525, '040f54050f54060f54070f54', '0001-01-01 17:28:21', '0001-01-01 17:31:17.421992', '0001-01-01 17:31:17.421992');
INSERT INTO "public2"."messages" VALUES (276428, 30, 2524, '000f53010f53020f53030f53', '0001-01-01 17:27:56', '0001-01-01 17:31:17.439374', '0001-01-01 17:31:17.439374');
INSERT INTO "public2"."messages" VALUES (276429, 30, 2523, '2443237700030000', '0001-01-01 17:27:32', '0001-01-01 17:31:17.457311', '0001-01-01 17:31:17.457311');
INSERT INTO "public2"."messages" VALUES (305392, 22, 2329, '080fd0090fd00a0fd00b0fd0', '0001-01-01 17:42:07', '0001-01-01 17:50:49.683658', '0001-01-01 17:50:49.683658');
INSERT INTO "public2"."messages" VALUES (551, 3, 2493, '0c07e60d037d', '0001-01-01 14:43:07', '0001-01-01 14:51:42.67971', '0001-01-01 14:51:42.67971');
INSERT INTO "public2"."messages" VALUES (552, 3, 2492, '0807400902c20a006d0b0313', '0001-01-01 14:42:42', '0001-01-01 14:51:42.693934', '0001-01-01 14:51:42.693934');
INSERT INTO "public2"."messages" VALUES (553, 3, 2491, '040760050373060fb60702b6', '0001-01-01 14:42:17', '0001-01-01 14:51:42.702649', '0001-01-01 14:51:42.702649');
INSERT INTO "public2"."messages" VALUES (554, 3, 2490, '000fab0100050205c40302c3', '0001-01-01 14:41:52', '0001-01-01 14:51:42.711702', '0001-01-01 14:51:42.711702');
INSERT INTO "public2"."messages" VALUES (305393, 22, 2328, '040b48050fd0060fd0070fd0', '0001-01-01 17:41:42', '0001-01-01 17:50:49.707673', '0001-01-01 17:50:49.707673');
INSERT INTO "public2"."messages" VALUES (305394, 22, 2327, '0002f10108010200af030802', '0001-01-01 17:41:17', '0001-01-01 17:50:49.729617', '0001-01-01 17:50:49.729617');
INSERT INTO "public2"."messages" VALUES (305395, 29, 3873, '0c08a80d09840e000b0f0000', '0001-01-01 17:41:47', '0001-01-01 17:50:53.693187', '0001-01-01 17:50:53.693187');
INSERT INTO "public2"."messages" VALUES (305396, 29, 3872, '0803a70901a80a0f370b0880', '0001-01-01 17:41:22', '0001-01-01 17:50:53.723066', '0001-01-01 17:50:53.723066');
INSERT INTO "public2"."messages" VALUES (305397, 29, 3871, '040f69050f69060f69070f69', '0001-01-01 17:40:58', '0001-01-01 17:50:53.779273', '0001-01-01 17:50:53.779273');
INSERT INTO "public2"."messages" VALUES (560, 3, 2500, '0807330902c30a006f0b0315', '0001-01-01 15:09:47', '0001-01-01 15:10:13.527669', '0001-01-01 15:10:13.527669');
INSERT INTO "public2"."messages" VALUES (561, 3, 2499, '04075d050372060fb60702bf', '0001-01-01 15:09:22', '0001-01-01 15:10:13.566014', '0001-01-01 15:10:13.566014');
INSERT INTO "public2"."messages" VALUES (562, 3, 2498, '000fab0100050205bf0302c0', '0001-01-01 15:08:57', '0001-01-01 15:10:13.591281', '0001-01-01 15:10:13.591281');
INSERT INTO "public2"."messages" VALUES (563, 3, 2497, '0c07e10d0378', '0001-01-01 14:56:39', '0001-01-01 15:10:13.610738', '0001-01-01 15:10:13.610738');
INSERT INTO "public2"."messages" VALUES (564, 3, 2496, '0807390902c20a006e0b0315', '0001-01-01 14:56:14', '0001-01-01 15:10:13.628497', '0001-01-01 15:10:13.628497');
INSERT INTO "public2"."messages" VALUES (565, 3, 2495, '04075e050372060fb60702b5', '0001-01-01 14:55:49', '0001-01-01 15:10:13.657755', '0001-01-01 15:10:13.657755');
INSERT INTO "public2"."messages" VALUES (566, 3, 2494, '000fab0100050205c00302c0', '0001-01-01 14:55:24', '0001-01-01 15:10:13.68886', '0001-01-01 15:10:13.68886');
INSERT INTO "public2"."messages" VALUES (305398, 29, 3870, '000f68010f68020f68030f67', '0001-01-01 17:40:33', '0001-01-01 17:50:53.812376', '0001-01-01 17:50:53.812376');
INSERT INTO "public2"."messages" VALUES (305399, 29, 3869, '2214243400120000', '0001-01-01 17:40:09', '0001-01-01 17:50:53.843111', '0001-01-01 17:50:53.843111');
INSERT INTO "public2"."messages" VALUES (238859, 30, 267, '0c08370d03e30e00030f0082', '0001-01-01 01:10:29', '0001-01-01 01:11:47.608659', '0001-01-01 01:11:47.608659');
INSERT INTO "public2"."messages" VALUES (238860, 30, 266, '0800290901a50a0edb0b0901', '0001-01-01 01:10:04', '0001-01-01 01:11:47.623297', '0001-01-01 01:11:47.623297');
INSERT INTO "public2"."messages" VALUES (238861, 30, 265, '040f6b050f6c060f6c070f6c', '0001-01-01 01:09:39', '0001-01-01 01:11:47.63742', '0001-01-01 01:11:47.63742');
INSERT INTO "public2"."messages" VALUES (238862, 30, 264, '000f6b010f6b020f6b030f6a', '0001-01-01 01:09:14', '0001-01-01 01:11:47.649149', '0001-01-01 01:11:47.649149');
INSERT INTO "public2"."messages" VALUES (305400, 31, 1887, '0400b905076606083a070760', '0001-01-01 17:50:12', '0001-01-01 17:50:55.697909', '0001-01-01 17:50:55.697909');
INSERT INTO "public2"."messages" VALUES (305401, 31, 1886, '000f98010870020865030871', '0001-01-01 17:49:47', '0001-01-01 17:50:55.721095', '0001-01-01 17:50:55.721095');
INSERT INTO "public2"."messages" VALUES (305402, 31, 1885, '0c08480d09820e00010f0000', '0001-01-01 17:39:18', '0001-01-01 17:50:55.742611', '0001-01-01 17:50:55.742611');
INSERT INTO "public2"."messages" VALUES (577, 3, 2501, '0c07e80d037a', '0001-01-01 15:10:12', '0001-01-01 15:11:56.92893', '0001-01-01 15:11:56.92893');
INSERT INTO "public2"."messages" VALUES (238863, 30, 263, '2099092200030139', '0001-01-01 01:08:50', '0001-01-01 01:11:47.66048', '0001-01-01 01:11:47.66048');
INSERT INTO "public2"."messages" VALUES (238864, 30, 262, '0c08230d03c30e00030f0087', '0001-01-01 00:58:22', '0001-01-01 01:11:47.670977', '0001-01-01 01:11:47.670977');
INSERT INTO "public2"."messages" VALUES (238865, 30, 261, '0800280901a50a0eda0b0901', '0001-01-01 00:57:57', '0001-01-01 01:11:47.681444', '0001-01-01 01:11:47.681444');
INSERT INTO "public2"."messages" VALUES (238866, 30, 260, '040f6b050f6b060f6b070f6c', '0001-01-01 00:57:32', '0001-01-01 01:11:47.692037', '0001-01-01 01:11:47.692037');
INSERT INTO "public2"."messages" VALUES (239916, 3, 1321, '0c07d00d051d0e00180f000a', '0001-01-01 08:08:59', '0001-01-01 08:09:57.594056', '0001-01-01 08:09:57.594056');
INSERT INTO "public2"."messages" VALUES (239917, 3, 1320, '08069b0901a20a0e8b0b07f1', '0001-01-01 08:08:33', '0001-01-01 08:09:57.617472', '0001-01-01 08:09:57.617472');
INSERT INTO "public2"."messages" VALUES (239918, 3, 1319, '0407990507ed06098b07077b', '0001-01-01 08:08:08', '0001-01-01 08:09:57.641955', '0001-01-01 08:09:57.641955');
INSERT INTO "public2"."messages" VALUES (239919, 3, 1318, '00079301074f02078203076c', '0001-01-01 08:07:43', '0001-01-01 08:09:57.65699', '0001-01-01 08:09:57.65699');
INSERT INTO "public2"."messages" VALUES (586, 3, 2506, '000fab0100050205c40302c5', '0001-01-01 15:36:02', '0001-01-01 15:36:25.22769', '0001-01-01 15:36:25.22769');
INSERT INTO "public2"."messages" VALUES (587, 3, 2505, '0c07e50d0381', '0001-01-01 15:23:44', '0001-01-01 15:36:25.237053', '0001-01-01 15:36:25.237053');
INSERT INTO "public2"."messages" VALUES (588, 3, 2504, '0807470902c60a006f0b0319', '0001-01-01 15:23:19', '0001-01-01 15:36:25.248636', '0001-01-01 15:36:25.248636');
INSERT INTO "public2"."messages" VALUES (589, 3, 2503, '040761050376060fb60702bc', '0001-01-01 15:22:54', '0001-01-01 15:36:25.256526', '0001-01-01 15:36:25.256526');
INSERT INTO "public2"."messages" VALUES (590, 3, 2502, '000fab0100050205c40302c4', '0001-01-01 15:22:30', '0001-01-01 15:36:25.26433', '0001-01-01 15:36:25.26433');
INSERT INTO "public2"."messages" VALUES (238837, 4, 347, '000ff9010ff9020ff9030ff9', '0001-01-01 01:11:06', '0001-01-01 01:11:39.646053', '0001-01-01 01:11:39.646053');
INSERT INTO "public2"."messages" VALUES (238838, 4, 346, '2035085800050140', '0001-01-01 01:10:42', '0001-01-01 01:11:39.665104', '0001-01-01 01:11:39.665104');
INSERT INTO "public2"."messages" VALUES (238839, 4, 345, '0c07f10d03930e00090f008b', '0001-01-01 01:00:12', '0001-01-01 01:11:39.681439', '0001-01-01 01:11:39.681439');
INSERT INTO "public2"."messages" VALUES (239920, 3, 1317, '0c07ce0d04f50e001a0f000a', '0001-01-01 07:56:09', '0001-01-01 08:09:57.671683', '0001-01-01 08:09:57.671683');
INSERT INTO "public2"."messages" VALUES (239921, 3, 1316, '0806990901a10a0d710b07f1', '0001-01-01 07:55:45', '0001-01-01 08:09:57.685477', '0001-01-01 08:09:57.685477');
INSERT INTO "public2"."messages" VALUES (239922, 3, 1315, '04079c0507ee06097b07077e', '0001-01-01 07:55:20', '0001-01-01 08:09:57.6997', '0001-01-01 08:09:57.6997');
INSERT INTO "public2"."messages" VALUES (239923, 3, 1314, '00079701075302078603076f', '0001-01-01 07:54:54', '0001-01-01 08:09:57.713707', '0001-01-01 08:09:57.713707');
INSERT INTO "public2"."messages" VALUES (598, 3, 2509, '0c07e90d0380', '0001-01-01 15:37:16', '0001-01-01 15:41:52.8003', '0001-01-01 15:41:52.8003');
INSERT INTO "public2"."messages" VALUES (599, 3, 2508, '08074f0902c50a006f0b0317', '0001-01-01 15:36:52', '0001-01-01 15:41:52.81059', '0001-01-01 15:41:52.81059');
INSERT INTO "public2"."messages" VALUES (600, 3, 2507, '040765050376060fb60702b8', '0001-01-01 15:36:26', '0001-01-01 15:41:52.819962', '0001-01-01 15:41:52.819962');
INSERT INTO "public2"."messages" VALUES (239924, 4, 521, '0c08b50d05e50e00070f001b', '0001-01-01 08:04:59', '0001-01-01 08:09:58.442134', '0001-01-01 08:09:58.442134');
INSERT INTO "public2"."messages" VALUES (239925, 4, 520, '080ffb090ffb0a0ffb0b0ffb', '0001-01-01 08:04:34', '0001-01-01 08:09:58.460393', '0001-01-01 08:09:58.460393');
INSERT INTO "public2"."messages" VALUES (239926, 4, 519, '040ffa050ffa060ffb070ffb', '0001-01-01 08:04:09', '0001-01-01 08:09:58.476739', '0001-01-01 08:09:58.476739');
INSERT INTO "public2"."messages" VALUES (604, 3, 2513, '0c07f10d0380', '0001-01-01 15:50:49', '0001-01-01 15:51:53.90796', '0001-01-01 15:51:53.90796');
INSERT INTO "public2"."messages" VALUES (605, 3, 2512, '08075b0902c80a006e0b0316', '0001-01-01 15:50:24', '0001-01-01 15:51:53.927334', '0001-01-01 15:51:53.927334');
INSERT INTO "public2"."messages" VALUES (606, 3, 2511, '040766050376060fb60702ba', '0001-01-01 15:49:59', '0001-01-01 15:51:53.936354', '0001-01-01 15:51:53.936354');
INSERT INTO "public2"."messages" VALUES (607, 3, 2510, '000fab0100050205c30302c4', '0001-01-01 15:49:35', '0001-01-01 15:51:53.948075', '0001-01-01 15:51:53.948075');
INSERT INTO "public2"."messages" VALUES (238840, 4, 344, '080ffa090ffb0a0ffb0b0ffb', '0001-01-01 00:59:48', '0001-01-01 01:11:39.713934', '0001-01-01 01:11:39.713934');
INSERT INTO "public2"."messages" VALUES (238841, 4, 343, '040ffa050ffa060ffa070ffb', '0001-01-01 00:59:23', '0001-01-01 01:11:39.763069', '0001-01-01 01:11:39.763069');
INSERT INTO "public2"."messages" VALUES (238842, 4, 342, '000ff9010ff9020ff9030ff9', '0001-01-01 00:58:58', '0001-01-01 01:11:39.78954', '0001-01-01 01:11:39.78954');
INSERT INTO "public2"."messages" VALUES (238843, 4, 341, '2044085900050140', '0001-01-01 00:58:38', '0001-01-01 01:11:39.808972', '0001-01-01 01:11:39.808972');
INSERT INTO "public2"."messages" VALUES (239927, 4, 518, '000ff9010ff9020ff9030ff9', '0001-01-01 08:03:44', '0001-01-01 08:09:58.490769', '0001-01-01 08:09:58.490769');
INSERT INTO "public2"."messages" VALUES (613, 3, 2517, '0c07ed0d0383', '0001-01-01 16:04:21', '0001-01-01 16:09:32.184406', '0001-01-01 16:09:32.184406');
INSERT INTO "public2"."messages" VALUES (614, 3, 2516, '0807490902c60a006f0b0319', '0001-01-01 16:03:57', '0001-01-01 16:09:32.198627', '0001-01-01 16:09:32.198627');
INSERT INTO "public2"."messages" VALUES (615, 3, 2515, '04076b050379060fb70702ba', '0001-01-01 16:03:31', '0001-01-01 16:09:32.209576', '0001-01-01 16:09:32.209576');
INSERT INTO "public2"."messages" VALUES (616, 3, 2514, '000fab0100050205c80302c7', '0001-01-01 16:03:07', '0001-01-01 16:09:32.220582', '0001-01-01 16:09:32.220582');
INSERT INTO "public2"."messages" VALUES (239928, 4, 517, '2229150100040033', '0001-01-01 08:03:20', '0001-01-01 08:09:58.504041', '0001-01-01 08:09:58.504041');
INSERT INTO "public2"."messages" VALUES (239929, 4, 516, '0c08a90d05d90e00080f0020', '0001-01-01 07:52:50', '0001-01-01 08:09:58.517781', '0001-01-01 08:09:58.517781');
INSERT INTO "public2"."messages" VALUES (239930, 4, 515, '080ffb090ffb0a0ffb0b0ffb', '0001-01-01 07:52:26', '0001-01-01 08:09:58.530609', '0001-01-01 08:09:58.530609');
INSERT INTO "public2"."messages" VALUES (239931, 4, 514, '040ffa050ffa060ffa070ffa', '0001-01-01 07:52:01', '0001-01-01 08:09:58.542831', '0001-01-01 08:09:58.542831');
INSERT INTO "public2"."messages" VALUES (239932, 4, 513, '000ff9010ff9020ff9030ff9', '0001-01-01 07:51:36', '0001-01-01 08:09:58.555029', '0001-01-01 08:09:58.555029');
INSERT INTO "public2"."messages" VALUES (239933, 4, 512, '2214151800040035', '0001-01-01 07:51:12', '0001-01-01 08:09:58.568104', '0001-01-01 08:09:58.568104');
INSERT INTO "public2"."messages" VALUES (239934, 7, 99, '0c07810d04cf0e000a0f0005', '0001-01-01 08:03:11', '0001-01-01 08:09:59.425399', '0001-01-01 08:09:59.425399');
INSERT INTO "public2"."messages" VALUES (239935, 7, 98, '0806000905e50a07130b05fc', '0001-01-01 08:02:46', '0001-01-01 08:09:59.437866', '0001-01-01 08:09:59.437866');
INSERT INTO "public2"."messages" VALUES (239936, 7, 97, '04061205060e06077607060d', '0001-01-01 08:02:22', '0001-01-01 08:09:59.448072', '0001-01-01 08:09:59.448072');
INSERT INTO "public2"."messages" VALUES (239937, 7, 96, '0006a20106aa0207670306de', '0001-01-01 08:01:56', '0001-01-01 08:09:59.459278', '0001-01-01 08:09:59.459278');
INSERT INTO "public2"."messages" VALUES (239938, 7, 95, '0c07780d04c40e00090f0005', '0001-01-01 07:51:26', '0001-01-01 08:09:59.469448', '0001-01-01 08:09:59.469448');
INSERT INTO "public2"."messages" VALUES (239939, 7, 94, '0805f70905e00a07090b05f7', '0001-01-01 07:51:02', '0001-01-01 08:09:59.478595', '0001-01-01 08:09:59.478595');
INSERT INTO "public2"."messages" VALUES (629, 3, 2521, '0c07ed0d0387', '0001-01-01 16:17:53', '0001-01-01 16:22:03.49884', '0001-01-01 16:22:03.49884');
INSERT INTO "public2"."messages" VALUES (630, 3, 2520, '0807550902ca0a006f0b031c', '0001-01-01 16:17:29', '0001-01-01 16:22:03.510857', '0001-01-01 16:22:03.510857');
INSERT INTO "public2"."messages" VALUES (631, 3, 2519, '04077305037d060fb60702bf', '0001-01-01 16:17:04', '0001-01-01 16:22:03.521091', '0001-01-01 16:22:03.521091');
INSERT INTO "public2"."messages" VALUES (632, 3, 2518, '000fab0100050205cf0302cb', '0001-01-01 16:16:39', '0001-01-01 16:22:03.532672', '0001-01-01 16:22:03.532672');
INSERT INTO "public2"."messages" VALUES (239940, 7, 93, '04060d05061506077b070614', '0001-01-01 07:50:37', '0001-01-01 08:09:59.48747', '0001-01-01 08:09:59.48747');
INSERT INTO "public2"."messages" VALUES (239941, 29, 526, '0c08770d05920e000b0f0021', '0001-01-01 07:59:50', '0001-01-01 08:10:04.889012', '0001-01-01 08:10:04.889012');
INSERT INTO "public2"."messages" VALUES (239942, 29, 525, '0803710901a30a0f440b08ba', '0001-01-01 07:59:26', '0001-01-01 08:10:04.901938', '0001-01-01 08:10:04.901938');
INSERT INTO "public2"."messages" VALUES (239943, 29, 524, '040f6c050f6c060f6c070f6c', '0001-01-01 07:59:01', '0001-01-01 08:10:04.913784', '0001-01-01 08:10:04.913784');
INSERT INTO "public2"."messages" VALUES (239944, 29, 523, '000f6b010f6b020f6b030f6b', '0001-01-01 07:58:36', '0001-01-01 08:10:04.925108', '0001-01-01 08:10:04.925108');
INSERT INTO "public2"."messages" VALUES (239945, 29, 522, '2166143800120033', '0001-01-01 07:58:11', '0001-01-01 08:10:04.936221', '0001-01-01 08:10:04.936221');
INSERT INTO "public2"."messages" VALUES (239946, 30, 437, '0c089f0d05ed0e00030f0020', '0001-01-01 08:02:33', '0001-01-01 08:10:05.645882', '0001-01-01 08:10:05.645882');
INSERT INTO "public2"."messages" VALUES (640, 3, 2525, '0c07f90d038c', '0001-01-01 16:31:25', '0001-01-01 16:31:52.847388', '0001-01-01 16:31:52.847388');
INSERT INTO "public2"."messages" VALUES (641, 3, 2524, '0807610902d10a006f0b0324', '0001-01-01 16:31:01', '0001-01-01 16:31:52.85603', '0001-01-01 16:31:52.85603');
INSERT INTO "public2"."messages" VALUES (642, 3, 2523, '04077a050383060fb70702c4', '0001-01-01 16:30:36', '0001-01-01 16:31:52.866286', '0001-01-01 16:31:52.866286');
INSERT INTO "public2"."messages" VALUES (643, 3, 2522, '000fab0100050205d50302cd', '0001-01-01 16:30:12', '0001-01-01 16:31:52.876274', '0001-01-01 16:31:52.876274');
INSERT INTO "public2"."messages" VALUES (239947, 30, 436, '0800010901a60a0eb50b08cd', '0001-01-01 08:02:09', '0001-01-01 08:10:05.661562', '0001-01-01 08:10:05.661562');
INSERT INTO "public2"."messages" VALUES (239948, 30, 435, '040f6a050f6a060f6a070f6a', '0001-01-01 08:01:44', '0001-01-01 08:10:05.683373', '0001-01-01 08:10:05.683373');
INSERT INTO "public2"."messages" VALUES (239949, 30, 434, '000f69010f69020f69030f69', '0001-01-01 08:01:19', '0001-01-01 08:10:05.702222', '0001-01-01 08:10:05.702222');
INSERT INTO "public2"."messages" VALUES (239950, 30, 433, '2211151400030034', '0001-01-01 08:00:55', '0001-01-01 08:10:05.718178', '0001-01-01 08:10:05.718178');
INSERT INTO "public2"."messages" VALUES (239951, 31, 538, '0c07ee0d056d0e00020f0012', '0001-01-01 08:09:11', '0001-01-01 08:10:07.094938', '0001-01-01 08:10:07.094938');
INSERT INTO "public2"."messages" VALUES (239952, 31, 537, '080fc70907e70a07ed0b07f5', '0001-01-01 08:08:45', '0001-01-01 08:10:07.111098', '0001-01-01 08:10:07.111098');
INSERT INTO "public2"."messages" VALUES (239953, 31, 536, '0407c10507ba0607ec0707a6', '0001-01-01 08:08:21', '0001-01-01 08:10:07.124587', '0001-01-01 08:10:07.124587');
INSERT INTO "public2"."messages" VALUES (239954, 31, 535, '0007dc0107ad0207ed030799', '0001-01-01 08:07:56', '0001-01-01 08:10:07.147964', '0001-01-01 08:10:07.147964');
INSERT INTO "public2"."messages" VALUES (239955, 31, 534, '0c07ec0d05650e00020f0013', '0001-01-01 07:57:26', '0001-01-01 08:10:07.166032', '0001-01-01 08:10:07.166032');
INSERT INTO "public2"."messages" VALUES (239956, 31, 533, '080fc70907e30a07ea0b07f0', '0001-01-01 07:57:01', '0001-01-01 08:10:07.177459', '0001-01-01 08:10:07.177459');
INSERT INTO "public2"."messages" VALUES (239957, 31, 532, '0407c40507bc0607eb0707a8', '0001-01-01 07:56:36', '0001-01-01 08:10:07.188552', '0001-01-01 08:10:07.188552');
INSERT INTO "public2"."messages" VALUES (239958, 31, 531, '0007dd0107af0207eb03079b', '0001-01-01 07:56:12', '0001-01-01 08:10:07.199642', '0001-01-01 08:10:07.199642');
INSERT INTO "public2"."messages" VALUES (276417, 22, 1993, '0c08b60d09790e019b0f0000', '0001-01-01 17:25:43', '0001-01-01 17:31:12.31036', '0001-01-01 17:31:12.31036');
INSERT INTO "public2"."messages" VALUES (657, 3, 2529, '0c07f60d038d', '0001-01-01 16:44:58', '0001-01-01 16:51:52.597688', '0001-01-01 16:51:52.597688');
INSERT INTO "public2"."messages" VALUES (658, 3, 2528, '08073b0902c80a006e0b0328', '0001-01-01 16:44:33', '0001-01-01 16:51:52.607782', '0001-01-01 16:51:52.607782');
INSERT INTO "public2"."messages" VALUES (659, 3, 2527, '04077e050388060fb60702bc', '0001-01-01 16:44:08', '0001-01-01 16:51:52.61768', '0001-01-01 16:51:52.61768');
INSERT INTO "public2"."messages" VALUES (660, 3, 2526, '000fab0100050205dc0302cf', '0001-01-01 16:43:44', '0001-01-01 16:51:52.627716', '0001-01-01 16:51:52.627716');
INSERT INTO "public2"."messages" VALUES (276418, 22, 1992, '080fd1090fd10a0fd10b0fd1', '0001-01-01 17:25:13', '0001-01-01 17:31:12.334373', '0001-01-01 17:31:12.334373');
INSERT INTO "public2"."messages" VALUES (276419, 22, 1990, '0002e70108a60200e00308a6', '0001-01-01 17:24:24', '0001-01-01 17:31:12.358305', '0001-01-01 17:31:12.358305');
INSERT INTO "public2"."messages" VALUES (276420, 29, 2610, '0c09a20d09710e000b0f0000', '0001-01-01 17:24:47', '0001-01-01 17:31:16.338712', '0001-01-01 17:31:16.338712');
INSERT INTO "public2"."messages" VALUES (239959, 29, 530, '0803720901a30a0f420b08b9', '0001-01-01 08:11:33', '0001-01-01 08:11:55.306269', '0001-01-01 08:11:55.306269');
INSERT INTO "public2"."messages" VALUES (239960, 29, 529, '040f6b050f6c060f6c070f6c', '0001-01-01 08:11:08', '0001-01-01 08:11:55.319401', '0001-01-01 08:11:55.319401');
INSERT INTO "public2"."messages" VALUES (239961, 29, 528, '000f6b010f6b020f6a030f6a', '0001-01-01 08:10:44', '0001-01-01 08:11:55.335122', '0001-01-01 08:11:55.335122');
INSERT INTO "public2"."messages" VALUES (668, 3, 2533, '0c07f90d038f', '0001-01-01 16:58:30', '0001-01-01 17:10:12.817057', '0001-01-01 17:10:12.817057');
INSERT INTO "public2"."messages" VALUES (669, 3, 2532, '0807560902cb0a00700b0326', '0001-01-01 16:58:05', '0001-01-01 17:10:12.83698', '0001-01-01 17:10:12.83698');
INSERT INTO "public2"."messages" VALUES (670, 3, 2531, '040786050388060fb70702bf', '0001-01-01 16:57:41', '0001-01-01 17:10:12.855861', '0001-01-01 17:10:12.855861');
INSERT INTO "public2"."messages" VALUES (671, 3, 2530, '000fab0100050205df0302d1', '0001-01-01 16:57:15', '0001-01-01 17:10:12.873179', '0001-01-01 17:10:12.873179');
INSERT INTO "public2"."messages" VALUES (238867, 30, 259, '000f6b010f6b020f6a030f6a', '0001-01-01 00:57:07', '0001-01-01 01:11:47.702348', '0001-01-01 01:11:47.702348');
INSERT INTO "public2"."messages" VALUES (238868, 30, 258, '2090095000030129', '0001-01-01 00:56:43', '0001-01-01 01:11:47.712797', '0001-01-01 01:11:47.712797');
INSERT INTO "public2"."messages" VALUES (238869, 31, 394, '0c078a0d04bb0e00020f008e', '0001-01-01 01:06:36', '0001-01-01 01:11:48.643083', '0001-01-01 01:11:48.643083');
INSERT INTO "public2"."messages" VALUES (238870, 31, 393, '080fc50907db0a07d80b07c8', '0001-01-01 01:06:11', '0001-01-01 01:11:48.6546', '0001-01-01 01:11:48.6546');
INSERT INTO "public2"."messages" VALUES (238871, 31, 392, '0407c40507b40607cf0707a8', '0001-01-01 01:05:47', '0001-01-01 01:11:48.665983', '0001-01-01 01:11:48.665983');
INSERT INTO "public2"."messages" VALUES (239962, 29, 527, '2193144300120022', '0001-01-01 08:10:19', '0001-01-01 08:11:55.346359', '0001-01-01 08:11:55.346359');
INSERT INTO "public2"."messages" VALUES (276421, 29, 2609, '08033f0901a90a0f0b0b08c6', '0001-01-01 17:24:22', '0001-01-01 17:31:16.36609', '0001-01-01 17:31:16.36609');
INSERT INTO "public2"."messages" VALUES (276422, 29, 2608, '040f6b050f6b060f6b070f6b', '0001-01-01 17:23:57', '0001-01-01 17:31:16.394308', '0001-01-01 17:31:16.394308');
INSERT INTO "public2"."messages" VALUES (276423, 29, 2607, '000f6a010f6a020f69030f69', '0001-01-01 17:23:32', '0001-01-01 17:31:16.418004', '0001-01-01 17:31:16.418004');
INSERT INTO "public2"."messages" VALUES (681, 3, 2534, '000fab0100050205e50302d2', '0001-01-01 17:10:48', '0001-01-01 17:11:11.908037', '0001-01-01 17:11:11.908037');
INSERT INTO "public2"."messages" VALUES (682, 3, 2537, '0c08150d0394', '0001-01-01 17:12:02', '0001-01-01 17:22:15.268694', '0001-01-01 17:22:15.268694');
INSERT INTO "public2"."messages" VALUES (683, 3, 2536, '0807600902cf0a00700b032b', '0001-01-01 17:11:38', '0001-01-01 17:22:15.277592', '0001-01-01 17:22:15.277592');
INSERT INTO "public2"."messages" VALUES (684, 3, 2535, '04078e05038c060fb80702c0', '0001-01-01 17:11:13', '0001-01-01 17:22:15.285842', '0001-01-01 17:22:15.285842');
INSERT INTO "public2"."messages" VALUES (238872, 31, 391, '0007c701078b0207a403079c', '0001-01-01 01:05:22', '0001-01-01 01:11:48.680608', '0001-01-01 01:11:48.680608');
INSERT INTO "public2"."messages" VALUES (238873, 31, 390, '0c079c0d051c0e00020f0091', '0001-01-01 00:54:52', '0001-01-01 01:11:48.692956', '0001-01-01 01:11:48.692956');
INSERT INTO "public2"."messages" VALUES (238874, 31, 389, '080fc60907e80a07e60b07d2', '0001-01-01 00:54:27', '0001-01-01 01:11:48.710243', '0001-01-01 01:11:48.710243');
INSERT INTO "public2"."messages" VALUES (238875, 31, 388, '0407d10507c20607dc0707b7', '0001-01-01 00:54:02', '0001-01-01 01:11:48.722952', '0001-01-01 01:11:48.722952');
INSERT INTO "public2"."messages" VALUES (276424, 29, 2606, '2466241600120000', '0001-01-01 17:23:08', '0001-01-01 17:31:16.433103', '0001-01-01 17:31:16.433103');
INSERT INTO "public2"."messages" VALUES (276430, 31, 1550, '0407d405081806095d070810', '0001-01-01 17:30:40', '0001-01-01 17:31:18.38228', '0001-01-01 17:31:18.38228');
INSERT INTO "public2"."messages" VALUES (276431, 31, 1549, '00093501092502092a030924', '0001-01-01 17:30:15', '0001-01-01 17:31:18.410397', '0001-01-01 17:31:18.410397');
INSERT INTO "public2"."messages" VALUES (305403, 31, 1884, '08072209066e0a02f20b0902', '0001-01-01 17:38:53', '0001-01-01 17:50:55.763985', '0001-01-01 17:50:55.763985');
INSERT INTO "public2"."messages" VALUES (693, 3, 2541, '0c080d0d039b', '0001-01-01 17:25:34', '0001-01-01 17:36:18.514944', '0001-01-01 17:36:18.514944');
INSERT INTO "public2"."messages" VALUES (694, 3, 2540, '0807600902cf0a00700b0332', '0001-01-01 17:25:09', '0001-01-01 17:36:18.527031', '0001-01-01 17:36:18.527031');
INSERT INTO "public2"."messages" VALUES (695, 3, 2539, '040793050391060fb70702c0', '0001-01-01 17:24:44', '0001-01-01 17:36:18.533286', '0001-01-01 17:36:18.533286');
INSERT INTO "public2"."messages" VALUES (696, 3, 2538, '000fab0100060205ee0302d6', '0001-01-01 17:24:20', '0001-01-01 17:36:18.541886', '0001-01-01 17:36:18.541886');
INSERT INTO "public2"."messages" VALUES (238876, 31, 387, '0007da01079d0207b70307ac', '0001-01-01 00:53:37', '0001-01-01 01:11:48.73599', '0001-01-01 01:11:48.73599');
INSERT INTO "public2"."messages" VALUES (305404, 31, 1883, '0400b7050767060838070759', '0001-01-01 17:38:28', '0001-01-01 17:50:55.795568', '0001-01-01 17:50:55.795568');
INSERT INTO "public2"."messages" VALUES (305405, 31, 1882, '000f9c01086a02085f03086b', '0001-01-01 17:38:03', '0001-01-01 17:50:55.831569', '0001-01-01 17:50:55.831569');
INSERT INTO "public2"."messages" VALUES (310937, 31, 2919, '0c08400d09820e00010f0000', '0001-01-01 20:07:26', '0001-01-01 20:12:11.507538', '0001-01-01 20:12:11.507538');
INSERT INTO "public2"."messages" VALUES (310938, 31, 2918, '0803af0904650a02330b08c7', '0001-01-01 20:07:01', '0001-01-01 20:12:11.603601', '0001-01-01 20:12:11.603601');
INSERT INTO "public2"."messages" VALUES (310939, 31, 2917, '04004005076c0608480707f0', '0001-01-01 20:06:36', '0001-01-01 20:12:11.670877', '0001-01-01 20:12:11.670877');
INSERT INTO "public2"."messages" VALUES (310940, 31, 2916, '000f93010856020847030858', '0001-01-01 20:06:12', '0001-01-01 20:12:11.73031', '0001-01-01 20:12:11.73031');
INSERT INTO "public2"."messages" VALUES (324744, 3, 1958, '080b940901a20a0ec80b0795', '0001-01-01 02:59:40', '0001-01-01 03:04:44.29028', '0001-01-01 03:04:44.29028');
INSERT INTO "public2"."messages" VALUES (705, 3, 2545, '0c080b0d039c', '0001-01-01 17:39:05', '0001-01-01 17:41:51.916709', '0001-01-01 17:41:51.916709');
INSERT INTO "public2"."messages" VALUES (706, 3, 2544, '08076d0902d30a00710b0330', '0001-01-01 17:38:41', '0001-01-01 17:41:51.928229', '0001-01-01 17:41:51.928229');
INSERT INTO "public2"."messages" VALUES (707, 3, 2543, '040797050391060fb70702c4', '0001-01-01 17:38:16', '0001-01-01 17:41:51.944676', '0001-01-01 17:41:51.944676');
INSERT INTO "public2"."messages" VALUES (708, 3, 2542, '000fab0100060205f20302d8', '0001-01-01 17:37:51', '0001-01-01 17:41:51.962765', '0001-01-01 17:41:51.962765');
INSERT INTO "public2"."messages" VALUES (324745, 3, 1957, '04062305073c060db7070f48', '0001-01-01 02:59:16', '0001-01-01 03:04:44.313821', '0001-01-01 03:04:44.313821');
INSERT INTO "public2"."messages" VALUES (324746, 3, 1956, '000741010199020f4503070c', '0001-01-01 02:58:50', '0001-01-01 03:04:44.330588', '0001-01-01 03:04:44.330588');
INSERT INTO "public2"."messages" VALUES (334352, 7, 3243, '0806c60906b10a06df0b06aa', '0001-01-01 02:52:39', '0001-01-01 03:05:03.656738', '0001-01-01 03:05:03.656738');
INSERT INTO "public2"."messages" VALUES (712, 3, 2546, '000fab0100050205f20302d8', '0001-01-01 17:51:23', '0001-01-01 17:51:42.151697', '0001-01-01 17:51:42.151697');
INSERT INTO "public2"."messages" VALUES (334353, 7, 3242, '0405550505690605f5070577', '0001-01-01 02:52:14', '0001-01-01 03:05:03.677664', '0001-01-01 03:05:03.677664');
INSERT INTO "public2"."messages" VALUES (334354, 7, 3241, '0006d10106dd02071d0306b4', '0001-01-01 02:51:49', '0001-01-01 03:05:03.71132', '0001-01-01 03:05:03.71132');
INSERT INTO "public2"."messages" VALUES (340612, 3, 3988, '0c07ef0d09760e00280f000a', '0001-01-01 05:46:34', '0001-01-01 05:51:01.354845', '0001-01-01 05:51:01.354845');
INSERT INTO "public2"."messages" VALUES (340613, 3, 3987, '080db40902820a0d630b07b7', '0001-01-01 05:46:08', '0001-01-01 05:51:01.376379', '0001-01-01 05:51:01.376379');
INSERT INTO "public2"."messages" VALUES (340614, 3, 3986, '0407b30507b20607d707077e', '0001-01-01 05:45:43', '0001-01-01 05:51:01.394806', '0001-01-01 05:51:01.394806');
INSERT INTO "public2"."messages" VALUES (718, 3, 2553, '0c08190d039f', '0001-01-01 18:06:10', '0001-01-01 18:09:15.300023', '0001-01-01 18:09:15.300023');
INSERT INTO "public2"."messages" VALUES (719, 3, 2552, '08076d0902d60a00700b0331', '0001-01-01 18:05:44', '0001-01-01 18:09:15.311827', '0001-01-01 18:09:15.311827');
INSERT INTO "public2"."messages" VALUES (720, 3, 2551, '04079d050393060fb80702cf', '0001-01-01 18:05:20', '0001-01-01 18:09:15.331848', '0001-01-01 18:09:15.331848');
INSERT INTO "public2"."messages" VALUES (721, 3, 2550, '000fab0100060205f40302d7', '0001-01-01 18:04:55', '0001-01-01 18:09:15.348365', '0001-01-01 18:09:15.348365');
INSERT INTO "public2"."messages" VALUES (722, 3, 2549, '0c081a0d03a1', '0001-01-01 17:52:37', '0001-01-01 18:09:15.365362', '0001-01-01 18:09:15.365362');
INSERT INTO "public2"."messages" VALUES (723, 3, 2548, '0807690902d20a00700b0331', '0001-01-01 17:52:13', '0001-01-01 18:09:15.381186', '0001-01-01 18:09:15.381186');
INSERT INTO "public2"."messages" VALUES (724, 3, 2547, '04079b050394060fb70702c4', '0001-01-01 17:51:48', '0001-01-01 18:09:15.400382', '0001-01-01 18:09:15.400382');
INSERT INTO "public2"."messages" VALUES (340615, 3, 3985, '00078b0101180207c503075f', '0001-01-01 05:45:18', '0001-01-01 05:51:01.415785', '0001-01-01 05:51:01.415785');
INSERT INTO "public2"."messages" VALUES (343964, 22, 1929, '0c07f10d08180e00000f0000', '0001-01-01 13:34:24', '0001-01-01 13:41:44.38468', '0001-01-01 13:41:44.38468');
INSERT INTO "public2"."messages" VALUES (343965, 22, 1928, '080fcf090fd00a0fd00b0fd0', '0001-01-01 13:34:00', '0001-01-01 13:41:44.435771', '0001-01-01 13:41:44.435771');
INSERT INTO "public2"."messages" VALUES (343966, 22, 1927, '040ccf050fcf060fd0070fd0', '0001-01-01 13:33:35', '0001-01-01 13:41:44.481201', '0001-01-01 13:41:44.481201');
INSERT INTO "public2"."messages" VALUES (343967, 22, 1926, '0002c50107ff02005b030800', '0001-01-01 13:33:10', '0001-01-01 13:41:44.525974', '0001-01-01 13:41:44.525974');
INSERT INTO "public2"."messages" VALUES (343968, 25, 837, '0c0fa80d001f0e00080f0008', '0001-01-01 13:33:22', '0001-01-01 13:41:47.389913', '0001-01-01 13:41:47.389913');
INSERT INTO "public2"."messages" VALUES (343969, 25, 836, '0806f30906f10a07c50b0709', '0001-01-01 13:32:57', '0001-01-01 13:41:47.399859', '0001-01-01 13:41:47.399859');
INSERT INTO "public2"."messages" VALUES (343970, 25, 835, '0407f40507ee0607f40707f2', '0001-01-01 13:32:37', '0001-01-01 13:41:47.410685', '0001-01-01 13:41:47.410685');
INSERT INTO "public2"."messages" VALUES (343971, 25, 834, '00070701070b0207d1030719', '0001-01-01 13:32:08', '0001-01-01 13:41:47.421514', '0001-01-01 13:41:47.421514');
INSERT INTO "public2"."messages" VALUES (343972, 29, 996, '0c08a50d09820e000b0f0000', '0001-01-01 13:33:06', '0001-01-01 13:41:48.410645', '0001-01-01 13:41:48.410645');
INSERT INTO "public2"."messages" VALUES (343973, 29, 995, '0806050901a50a0f280b0810', '0001-01-01 13:32:41', '0001-01-01 13:41:48.434441', '0001-01-01 13:41:48.434441');
INSERT INTO "public2"."messages" VALUES (343974, 29, 994, '04077c050798060820070799', '0001-01-01 13:32:17', '0001-01-01 13:41:48.455613', '0001-01-01 13:41:48.455613');
INSERT INTO "public2"."messages" VALUES (343975, 29, 993, '0007b60107be02083e030875', '0001-01-01 13:31:51', '0001-01-01 13:41:48.48073', '0001-01-01 13:41:48.48073');
INSERT INTO "public2"."messages" VALUES (343976, 31, 1520, '0c07d70d09550e00020f0000', '0001-01-01 13:34:02', '0001-01-01 13:41:50.395182', '0001-01-01 13:41:50.395182');
INSERT INTO "public2"."messages" VALUES (343977, 31, 1519, '0807ad0907a30a07d00b0824', '0001-01-01 13:33:37', '0001-01-01 13:41:50.42064', '0001-01-01 13:41:50.42064');
INSERT INTO "public2"."messages" VALUES (343978, 31, 1518, '0406800506c50607cb07068e', '0001-01-01 13:33:13', '0001-01-01 13:41:50.442359', '0001-01-01 13:41:50.442359');
INSERT INTO "public2"."messages" VALUES (741, 3, 2557, '0c08290d03a3', '0001-01-01 18:19:41', '0001-01-01 18:21:37.085235', '0001-01-01 18:21:37.085235');
INSERT INTO "public2"."messages" VALUES (742, 3, 2556, '0807730902d90a00710b0330', '0001-01-01 18:19:17', '0001-01-01 18:21:37.108441', '0001-01-01 18:21:37.108441');
INSERT INTO "public2"."messages" VALUES (743, 3, 2555, '04079e050392060fb80702d0', '0001-01-01 18:18:52', '0001-01-01 18:21:37.127732', '0001-01-01 18:21:37.127732');
INSERT INTO "public2"."messages" VALUES (744, 3, 2554, '000fab0100050205f30302d8', '0001-01-01 18:18:27', '0001-01-01 18:21:37.146143', '0001-01-01 18:21:37.146143');
INSERT INTO "public2"."messages" VALUES (343979, 31, 1517, '0006fd01077d02082d030748', '0001-01-01 13:32:47', '0001-01-01 13:41:50.46362', '0001-01-01 13:41:50.46362');
INSERT INTO "public2"."messages" VALUES (345810, 22, 2294, '0c06fe0d060a0e00000f0000', '0001-01-01 07:22:51', '0001-01-01 07:31:10.35299', '0001-01-01 07:31:10.35299');
INSERT INTO "public2"."messages" VALUES (238877, 3, 1193, '0c07710d039a0e00880f000a', '0001-01-01 01:17:21', '0001-01-01 01:20:53.741238', '0001-01-01 01:20:53.741238');
INSERT INTO "public2"."messages" VALUES (238878, 3, 1192, '0806970901a10a0e810b084c', '0001-01-01 01:16:57', '0001-01-01 01:20:53.755823', '0001-01-01 01:20:53.755823');
INSERT INTO "public2"."messages" VALUES (238879, 3, 1191, '0407b605080506098e070770', '0001-01-01 01:16:32', '0001-01-01 01:20:53.769068', '0001-01-01 01:20:53.769068');
INSERT INTO "public2"."messages" VALUES (238880, 3, 1190, '0007c40107740207a503077e', '0001-01-01 01:16:06', '0001-01-01 01:20:53.784087', '0001-01-01 01:20:53.784087');
INSERT INTO "public2"."messages" VALUES (239963, 3, 1324, '08069c0901a20a0e950b07f2', '0001-01-01 08:21:22', '0001-01-01 08:21:51.867396', '0001-01-01 08:21:51.867396');
INSERT INTO "public2"."messages" VALUES (753, 3, 2561, '0c081b0d039f', '0001-01-01 18:33:14', '0001-01-01 18:41:58.725592', '0001-01-01 18:41:58.725592');
INSERT INTO "public2"."messages" VALUES (754, 3, 2560, '08076e0902d80a00710b0336', '0001-01-01 18:32:49', '0001-01-01 18:41:58.735783', '0001-01-01 18:41:58.735783');
INSERT INTO "public2"."messages" VALUES (755, 3, 2559, '0407a1050392060fb70702ca', '0001-01-01 18:32:24', '0001-01-01 18:41:58.743583', '0001-01-01 18:41:58.743583');
INSERT INTO "public2"."messages" VALUES (756, 3, 2558, '000fab0100050205f50302d9', '0001-01-01 18:31:59', '0001-01-01 18:41:58.751276', '0001-01-01 18:41:58.751276');
INSERT INTO "public2"."messages" VALUES (238884, 7, 4054, '0c06940d03820e00590f0005', '0001-01-01 01:12:14', '0001-01-01 01:20:55.520474', '0001-01-01 01:20:55.520474');
INSERT INTO "public2"."messages" VALUES (238885, 7, 4053, '0805ea0906070a07170b061b', '0001-01-01 01:11:50', '0001-01-01 01:20:55.530734', '0001-01-01 01:20:55.530734');
INSERT INTO "public2"."messages" VALUES (238886, 7, 4052, '04063f05066c06078107066c', '0001-01-01 01:11:25', '0001-01-01 01:20:55.540461', '0001-01-01 01:20:55.540461');
INSERT INTO "public2"."messages" VALUES (238902, 31, 398, '0c07830d04700e00020f0082', '0001-01-01 01:18:21', '0001-01-01 01:21:03.547222', '0001-01-01 01:21:03.547222');
INSERT INTO "public2"."messages" VALUES (239964, 3, 1323, '0407980507ec06098f07077b', '0001-01-01 08:20:57', '0001-01-01 08:21:51.882795', '0001-01-01 08:21:51.882795');
INSERT INTO "public2"."messages" VALUES (239965, 3, 1322, '00079101074f02078203076c', '0001-01-01 08:20:32', '0001-01-01 08:21:51.897143', '0001-01-01 08:21:51.897143');
INSERT INTO "public2"."messages" VALUES (239966, 4, 526, '0c08ba0d05e60e00080f0019', '0001-01-01 08:17:07', '0001-01-01 08:21:52.67015', '0001-01-01 08:21:52.67015');
INSERT INTO "public2"."messages" VALUES (239967, 4, 525, '080ffb090ffb0a0ffb0b0ffb', '0001-01-01 08:16:42', '0001-01-01 08:21:52.687609', '0001-01-01 08:21:52.687609');
INSERT INTO "public2"."messages" VALUES (765, 3, 2565, '0c081b0d039f', '0001-01-01 18:46:45', '0001-01-01 18:51:35.757025', '0001-01-01 18:51:35.757025');
INSERT INTO "public2"."messages" VALUES (766, 3, 2564, '0807750902d80a00700b032f', '0001-01-01 18:46:20', '0001-01-01 18:51:35.775461', '0001-01-01 18:51:35.775461');
INSERT INTO "public2"."messages" VALUES (767, 3, 2563, '0407a005038f060fb60702c8', '0001-01-01 18:45:56', '0001-01-01 18:51:35.786595', '0001-01-01 18:51:35.786595');
INSERT INTO "public2"."messages" VALUES (768, 3, 2562, '000fab0100050205f50302d8', '0001-01-01 18:45:31', '0001-01-01 18:51:35.799967', '0001-01-01 18:51:35.799967');
INSERT INTO "public2"."messages" VALUES (238903, 31, 397, '080fc50907ce0a07cb0b07bb', '0001-01-01 01:17:56', '0001-01-01 01:21:03.567447', '0001-01-01 01:21:03.567447');
INSERT INTO "public2"."messages" VALUES (238904, 31, 396, '0407bb0507aa0607c307079f', '0001-01-01 01:17:30', '0001-01-01 01:21:03.580832', '0001-01-01 01:21:03.580832');
INSERT INTO "public2"."messages" VALUES (238905, 31, 395, '0007b701077c02079803078f', '0001-01-01 01:17:06', '0001-01-01 01:21:03.593553', '0001-01-01 01:21:03.593553');
INSERT INTO "public2"."messages" VALUES (239968, 4, 524, '040ffa050ffa060ffa070ffb', '0001-01-01 08:16:18', '0001-01-01 08:21:52.70251', '0001-01-01 08:21:52.70251');
INSERT INTO "public2"."messages" VALUES (239969, 4, 523, '000ff9010ff9020ff9030ff9', '0001-01-01 08:15:52', '0001-01-01 08:21:52.715057', '0001-01-01 08:21:52.715057');
INSERT INTO "public2"."messages" VALUES (239970, 4, 522, '2237150000040023', '0001-01-01 08:15:29', '0001-01-01 08:21:52.727962', '0001-01-01 08:21:52.727962');
INSERT INTO "public2"."messages" VALUES (239971, 7, 103, '0c078f0d04ae0e00070f0004', '0001-01-01 08:14:55', '0001-01-01 08:21:53.655388', '0001-01-01 08:21:53.655388');
INSERT INTO "public2"."messages" VALUES (776, 3, 2569, '0c08230d03a1', '0001-01-01 19:00:16', '0001-01-01 19:11:34.965734', '0001-01-01 19:11:34.965734');
INSERT INTO "public2"."messages" VALUES (777, 3, 2568, '0807750902d90a00700b0339', '0001-01-01 18:59:52', '0001-01-01 19:11:34.982963', '0001-01-01 19:11:34.982963');
INSERT INTO "public2"."messages" VALUES (778, 3, 2567, '0407a1050392060fb70702c8', '0001-01-01 18:59:28', '0001-01-01 19:11:34.995878', '0001-01-01 19:11:34.995878');
INSERT INTO "public2"."messages" VALUES (779, 3, 2566, '000fab0100050205f40302d8', '0001-01-01 18:59:02', '0001-01-01 19:11:35.00564', '0001-01-01 19:11:35.00564');
INSERT INTO "public2"."messages" VALUES (239972, 7, 102, '08060c0905eb0a071b0b0602', '0001-01-01 08:14:30', '0001-01-01 08:21:53.667625', '0001-01-01 08:21:53.667625');
INSERT INTO "public2"."messages" VALUES (239973, 7, 101, '040614050614060783070624', '0001-01-01 08:14:06', '0001-01-01 08:21:53.677276', '0001-01-01 08:21:53.677276');
INSERT INTO "public2"."messages" VALUES (239974, 7, 100, '0006a80106af0207710306e6', '0001-01-01 08:13:41', '0001-01-01 08:21:53.686869', '0001-01-01 08:21:53.686869');
INSERT INTO "public2"."messages" VALUES (239975, 29, 531, '0c08980d059f0e000b0f0018', '0001-01-01 08:11:57', '0001-01-01 08:21:58.662036', '0001-01-01 08:21:58.662036');
INSERT INTO "public2"."messages" VALUES (239976, 30, 442, '0c08ae0d06100e00030f0019', '0001-01-01 08:14:40', '0001-01-01 08:21:59.667696', '0001-01-01 08:21:59.667696');
INSERT INTO "public2"."messages" VALUES (239977, 30, 441, '0800020901a60a0eb90b08cc', '0001-01-01 08:14:16', '0001-01-01 08:21:59.679995', '0001-01-01 08:21:59.679995');
INSERT INTO "public2"."messages" VALUES (239978, 30, 440, '040f6a050f6a060f6a070f6a', '0001-01-01 08:13:50', '0001-01-01 08:21:59.695273', '0001-01-01 08:21:59.695273');
INSERT INTO "public2"."messages" VALUES (239979, 30, 439, '000f69010f69020f69030f69', '0001-01-01 08:13:25', '0001-01-01 08:21:59.706326', '0001-01-01 08:21:59.706326');
INSERT INTO "public2"."messages" VALUES (788, 3, 2573, '0c081f0d039f', '0001-01-01 19:13:49', '0001-01-01 19:21:32.375806', '0001-01-01 19:21:32.375806');
INSERT INTO "public2"."messages" VALUES (789, 3, 2572, '0807750902da0a00710b0333', '0001-01-01 19:13:24', '0001-01-01 19:21:32.388701', '0001-01-01 19:21:32.388701');
INSERT INTO "public2"."messages" VALUES (790, 3, 2571, '0407a2050392060fb70702c8', '0001-01-01 19:13:00', '0001-01-01 19:21:32.400943', '0001-01-01 19:21:32.400943');
INSERT INTO "public2"."messages" VALUES (791, 3, 2570, '000fab0100050205f50302d8', '0001-01-01 19:12:35', '0001-01-01 19:21:32.409751', '0001-01-01 19:21:32.409751');
INSERT INTO "public2"."messages" VALUES (239980, 30, 438, '2224154900030025', '0001-01-01 08:13:02', '0001-01-01 08:21:59.724287', '0001-01-01 08:21:59.724287');
INSERT INTO "public2"."messages" VALUES (239981, 31, 542, '0c07f00d05720e00020f000e', '0001-01-01 08:20:54', '0001-01-01 08:22:00.695489', '0001-01-01 08:22:00.695489');
INSERT INTO "public2"."messages" VALUES (239982, 31, 541, '080fc70907e90a07f10b07f7', '0001-01-01 08:20:29', '0001-01-01 08:22:00.714026', '0001-01-01 08:22:00.714026');
INSERT INTO "public2"."messages" VALUES (239983, 31, 540, '0407bf0507ba0607ee0707a6', '0001-01-01 08:20:05', '0001-01-01 08:22:00.725523', '0001-01-01 08:22:00.725523');
INSERT INTO "public2"."messages" VALUES (239984, 31, 539, '0007db0107ad0207ee030799', '0001-01-01 08:19:40', '0001-01-01 08:22:00.737501', '0001-01-01 08:22:00.737501');
INSERT INTO "public2"."messages" VALUES (276432, 7, 1113, '0c089d0d088e0e00000f0004', '0001-01-01 17:31:49', '0001-01-01 17:41:01.875337', '0001-01-01 17:41:01.875337');
INSERT INTO "public2"."messages" VALUES (276433, 7, 1112, '08076d0906c90a07ac0b06c1', '0001-01-01 17:31:24', '0001-01-01 17:41:01.895503', '0001-01-01 17:41:01.895503');
INSERT INTO "public2"."messages" VALUES (276434, 7, 1111, '04079605070f060820070827', '0001-01-01 17:31:00', '0001-01-01 17:41:01.9098', '0001-01-01 17:41:01.9098');
INSERT INTO "public2"."messages" VALUES (800, 3, 2577, '0c082f0d03a0', '0001-01-01 19:27:20', '0001-01-01 19:31:10.040833', '0001-01-01 19:31:10.040833');
INSERT INTO "public2"."messages" VALUES (801, 3, 2576, '08077b0902db0a00720b0334', '0001-01-01 19:26:56', '0001-01-01 19:31:10.049665', '0001-01-01 19:31:10.049665');
INSERT INTO "public2"."messages" VALUES (802, 3, 2575, '0407a5050394060fb70702c9', '0001-01-01 19:26:31', '0001-01-01 19:31:10.056979', '0001-01-01 19:31:10.056979');
INSERT INTO "public2"."messages" VALUES (803, 3, 2574, '000fab0100060205f80302d9', '0001-01-01 19:26:06', '0001-01-01 19:31:10.063733', '0001-01-01 19:31:10.063733');
INSERT INTO "public2"."messages" VALUES (276444, 30, 2530, '040f55050f55060f55070f55', '0001-01-01 17:40:28', '0001-01-01 17:41:07.872681', '0001-01-01 17:41:07.872681');
INSERT INTO "public2"."messages" VALUES (276445, 30, 2529, '000f54010f54020f54030f54', '0001-01-01 17:40:04', '0001-01-01 17:41:07.896238', '0001-01-01 17:41:07.896238');
INSERT INTO "public2"."messages" VALUES (276446, 30, 2528, '2447239400030000', '0001-01-01 17:39:39', '0001-01-01 17:41:07.913913', '0001-01-01 17:41:07.913913');
INSERT INTO "public2"."messages" VALUES (305406, 7, 221, '0c08000d08c30e00000f0005', '0001-01-01 17:54:27', '0001-01-01 18:04:33.418241', '0001-01-01 18:04:33.418241');
INSERT INTO "public2"."messages" VALUES (305407, 7, 220, '08068d09064d0a06d00b06ba', '0001-01-01 17:54:01', '0001-01-01 18:04:33.43985', '0001-01-01 18:04:33.43985');
INSERT INTO "public2"."messages" VALUES (305408, 7, 219, '0406480506440607080706be', '0001-01-01 17:53:37', '0001-01-01 18:04:33.46346', '0001-01-01 18:04:33.46346');
INSERT INTO "public2"."messages" VALUES (305409, 7, 218, '0006db0106640206cd03066c', '0001-01-01 17:53:12', '0001-01-01 18:04:33.48892', '0001-01-01 18:04:33.48892');
INSERT INTO "public2"."messages" VALUES (310941, 4, 3949, '000ff9010ff9020ff9030ff9', '0001-01-01 20:20:23', '0001-01-01 20:21:11.515767', '0001-01-01 20:21:11.515767');
INSERT INTO "public2"."messages" VALUES (812, 3, 2580, '0807880902de0a00710b0334', '0001-01-01 19:40:28', '0001-01-01 19:40:59.894067', '0001-01-01 19:40:59.894067');
INSERT INTO "public2"."messages" VALUES (813, 3, 2579, '0407a7050395060fb70702cb', '0001-01-01 19:40:03', '0001-01-01 19:40:59.904767', '0001-01-01 19:40:59.904767');
INSERT INTO "public2"."messages" VALUES (814, 3, 2578, '000fab0100050205f80302db', '0001-01-01 19:39:38', '0001-01-01 19:40:59.913722', '0001-01-01 19:40:59.913722');
INSERT INTO "public2"."messages" VALUES (310942, 4, 3948, '2250243300050000', '0001-01-01 20:19:59', '0001-01-01 20:21:11.540007', '0001-01-01 20:21:11.540007');
INSERT INTO "public2"."messages" VALUES (310943, 4, 3947, '000ff9010ff9020ff9030ff9', '0001-01-01 20:18:40', '0001-01-01 20:21:11.559072', '0001-01-01 20:21:11.559072');
INSERT INTO "public2"."messages" VALUES (310944, 4, 3946, '2251243300050000', '0001-01-01 20:18:16', '0001-01-01 20:21:11.573832', '0001-01-01 20:21:11.573832');
INSERT INTO "public2"."messages" VALUES (310945, 4, 3945, '000ff9010ff9020ff9030ff9', '0001-01-01 20:17:02', '0001-01-01 20:21:11.591482', '0001-01-01 20:21:11.591482');
INSERT INTO "public2"."messages" VALUES (310946, 4, 3944, '2251243300050000', '0001-01-01 20:16:38', '0001-01-01 20:21:11.607513', '0001-01-01 20:21:11.607513');
INSERT INTO "public2"."messages" VALUES (820, 3, 2581, '0c08260d03a0', '0001-01-01 19:40:53', '0001-01-01 19:51:28.271718', '0001-01-01 19:51:28.271718');
INSERT INTO "public2"."messages" VALUES (310947, 4, 3943, '2252243300050000', '0001-01-01 20:15:17', '0001-01-01 20:21:11.622634', '0001-01-01 20:21:11.622634');
INSERT INTO "public2"."messages" VALUES (310948, 4, 3942, '2252243300050000', '0001-01-01 20:14:02', '0001-01-01 20:21:11.637979', '0001-01-01 20:21:11.637979');
INSERT INTO "public2"."messages" VALUES (310949, 4, 3941, '2252243300050000', '0001-01-01 20:12:42', '0001-01-01 20:21:11.656286', '0001-01-01 20:21:11.656286');
INSERT INTO "public2"."messages" VALUES (824, 3, 2589, '0c08340d03a7', '0001-01-01 20:07:56', '0001-01-01 20:10:15.504477', '0001-01-01 20:10:15.504477');
INSERT INTO "public2"."messages" VALUES (825, 3, 2588, '0807830902e30a00720b0339', '0001-01-01 20:07:31', '0001-01-01 20:10:15.51726', '0001-01-01 20:10:15.51726');
INSERT INTO "public2"."messages" VALUES (826, 3, 2587, '0407b005039a060fb80702cf', '0001-01-01 20:07:06', '0001-01-01 20:10:15.526394', '0001-01-01 20:10:15.526394');
INSERT INTO "public2"."messages" VALUES (827, 3, 2586, '000fab0100060206000302dc', '0001-01-01 20:06:42', '0001-01-01 20:10:15.536176', '0001-01-01 20:10:15.536176');
INSERT INTO "public2"."messages" VALUES (828, 3, 2585, '0c08310d03a8', '0001-01-01 19:54:25', '0001-01-01 20:10:15.54468', '0001-01-01 20:10:15.54468');
INSERT INTO "public2"."messages" VALUES (829, 3, 2584, '0807790902df0a00700b033a', '0001-01-01 19:54:00', '0001-01-01 20:10:15.552305', '0001-01-01 20:10:15.552305');
INSERT INTO "public2"."messages" VALUES (830, 3, 2583, '0407ab050398060fb80702c9', '0001-01-01 19:53:35', '0001-01-01 20:10:15.570708', '0001-01-01 20:10:15.570708');
INSERT INTO "public2"."messages" VALUES (831, 3, 2582, '000fab0100050205fd0302db', '0001-01-01 19:53:10', '0001-01-01 20:10:15.579977', '0001-01-01 20:10:15.579977');
INSERT INTO "public2"."messages" VALUES (238881, 4, 350, '0c07f20d036b0e00090f008b', '0001-01-01 01:12:20', '0001-01-01 01:20:54.529619', '0001-01-01 01:20:54.529619');
INSERT INTO "public2"."messages" VALUES (238882, 4, 349, '080ffa090ffb0a0ffb0b0ffb', '0001-01-01 01:11:55', '0001-01-01 01:20:54.559907', '0001-01-01 01:20:54.559907');
INSERT INTO "public2"."messages" VALUES (238883, 4, 348, '040ffa050ffa060ffb070ffb', '0001-01-01 01:11:30', '0001-01-01 01:20:54.586686', '0001-01-01 01:20:54.586686');
INSERT INTO "public2"."messages" VALUES (238887, 29, 360, '0c07460d03320e000b0f007d', '0001-01-01 01:19:35', '0001-01-01 01:21:01.520536', '0001-01-01 01:21:01.520536');
INSERT INTO "public2"."messages" VALUES (238888, 29, 359, '0803690901a10a05210b08e5', '0001-01-01 01:19:10', '0001-01-01 01:21:01.539217', '0001-01-01 01:21:01.539217');
INSERT INTO "public2"."messages" VALUES (238889, 29, 358, '040f64050f64060f64070f65', '0001-01-01 01:18:44', '0001-01-01 01:21:01.555289', '0001-01-01 01:21:01.555289');
INSERT INTO "public2"."messages" VALUES (238890, 29, 357, '000f63010f63020f63030f63', '0001-01-01 01:18:20', '0001-01-01 01:21:01.571393', '0001-01-01 01:21:01.571393');
INSERT INTO "public2"."messages" VALUES (238891, 29, 356, '1878080100120127', '0001-01-01 01:17:55', '0001-01-01 01:21:01.585453', '0001-01-01 01:21:01.585453');
INSERT INTO "public2"."messages" VALUES (239985, 3, 1325, '0c07e00d05160e00130f000a', '0001-01-01 08:21:47', '0001-01-01 08:32:16.121245', '0001-01-01 08:32:16.121245');
INSERT INTO "public2"."messages" VALUES (239986, 4, 531, '0c08c60d06020e00070f0014', '0001-01-01 08:29:15', '0001-01-01 08:32:16.923101', '0001-01-01 08:32:16.923101');
INSERT INTO "public2"."messages" VALUES (239987, 4, 530, '080ffb090ffb0a0ffb0b0ffb', '0001-01-01 08:28:50', '0001-01-01 08:32:16.943408', '0001-01-01 08:32:16.943408');
INSERT INTO "public2"."messages" VALUES (239988, 4, 529, '040ffa050ffa060ffa070ffb', '0001-01-01 08:28:25', '0001-01-01 08:32:16.95844', '0001-01-01 08:32:16.95844');
INSERT INTO "public2"."messages" VALUES (239989, 4, 528, '000ff9010ff9020ff9030ff9', '0001-01-01 08:28:00', '0001-01-01 08:32:16.972974', '0001-01-01 08:32:16.972974');
INSERT INTO "public2"."messages" VALUES (239990, 4, 527, '2244154300040021', '0001-01-01 08:27:36', '0001-01-01 08:32:16.986988', '0001-01-01 08:32:16.986988');
INSERT INTO "public2"."messages" VALUES (239991, 7, 107, '0c078d0d04d80e000a0f0004', '0001-01-01 08:26:40', '0001-01-01 08:32:17.930706', '0001-01-01 08:32:17.930706');
INSERT INTO "public2"."messages" VALUES (239992, 7, 106, '08060f0905e40a07150b05f9', '0001-01-01 08:26:16', '0001-01-01 08:32:17.941571', '0001-01-01 08:32:17.941571');
INSERT INTO "public2"."messages" VALUES (848, 3, 2593, '0c082e0d03a5', '0001-01-01 20:21:27', '0001-01-01 20:22:04.441116', '0001-01-01 20:22:04.441116');
INSERT INTO "public2"."messages" VALUES (849, 3, 2592, '08078b0902e50a00730b033c', '0001-01-01 20:21:03', '0001-01-01 20:22:04.45345', '0001-01-01 20:22:04.45345');
INSERT INTO "public2"."messages" VALUES (850, 3, 2591, '0407af050399060fb70702d4', '0001-01-01 20:20:38', '0001-01-01 20:22:04.46462', '0001-01-01 20:22:04.46462');
INSERT INTO "public2"."messages" VALUES (851, 3, 2590, '000fab0100060206020302de', '0001-01-01 20:20:13', '0001-01-01 20:22:04.487751', '0001-01-01 20:22:04.487751');
INSERT INTO "public2"."messages" VALUES (238892, 29, 355, '0c07500d02ff0e000b0f0089', '0001-01-01 01:07:27', '0001-01-01 01:21:01.598943', '0001-01-01 01:21:01.598943');
INSERT INTO "public2"."messages" VALUES (238893, 29, 354, '08036a0901a10a05180b08e6', '0001-01-01 01:07:02', '0001-01-01 01:21:01.612365', '0001-01-01 01:21:01.612365');
INSERT INTO "public2"."messages" VALUES (238894, 29, 353, '040f64050f64060f64070f65', '0001-01-01 01:06:37', '0001-01-01 01:21:01.625495', '0001-01-01 01:21:01.625495');
INSERT INTO "public2"."messages" VALUES (238895, 29, 352, '000f64010f63020f63030f63', '0001-01-01 01:06:12', '0001-01-01 01:21:01.642861', '0001-01-01 01:21:01.642861');
INSERT INTO "public2"."messages" VALUES (239993, 7, 105, '040617050609060776070618', '0001-01-01 08:25:50', '0001-01-01 08:32:17.952182', '0001-01-01 08:32:17.952182');
INSERT INTO "public2"."messages" VALUES (239994, 7, 104, '0006aa0106af0207730306e2', '0001-01-01 08:25:25', '0001-01-01 08:32:17.962599', '0001-01-01 08:32:17.962599');
INSERT INTO "public2"."messages" VALUES (239995, 29, 536, '0c08990d05ae0e000b0f0015', '0001-01-01 08:24:06', '0001-01-01 08:32:22.938069', '0001-01-01 08:32:22.938069');
INSERT INTO "public2"."messages" VALUES (239996, 29, 535, '0803720901a30a0f400b08b8', '0001-01-01 08:23:41', '0001-01-01 08:32:22.950147', '0001-01-01 08:32:22.950147');
INSERT INTO "public2"."messages" VALUES (860, 3, 2597, '0c082e0d03a4', '0001-01-01 20:34:59', '0001-01-01 20:36:28.954709', '0001-01-01 20:36:28.954709');
INSERT INTO "public2"."messages" VALUES (861, 3, 2596, '0807880902e50a00720b0335', '0001-01-01 20:34:35', '0001-01-01 20:36:28.967558', '0001-01-01 20:36:28.967558');
INSERT INTO "public2"."messages" VALUES (862, 3, 2595, '0407b2050398060fb80702d0', '0001-01-01 20:34:10', '0001-01-01 20:36:28.976269', '0001-01-01 20:36:28.976269');
INSERT INTO "public2"."messages" VALUES (863, 3, 2594, '000fab0100060206030302df', '0001-01-01 20:33:46', '0001-01-01 20:36:28.984155', '0001-01-01 20:36:28.984155');
INSERT INTO "public2"."messages" VALUES (238896, 29, 351, '1836068800120135', '0001-01-01 01:05:48', '0001-01-01 01:21:01.658433', '0001-01-01 01:21:01.658433');
INSERT INTO "public2"."messages" VALUES (238897, 29, 350, '0c073e0d02f60e000b0f0085', '0001-01-01 00:55:19', '0001-01-01 01:21:01.673236', '0001-01-01 01:21:01.673236');
INSERT INTO "public2"."messages" VALUES (238898, 29, 349, '08036a0901a10a063e0b08e6', '0001-01-01 00:54:54', '0001-01-01 01:21:01.687259', '0001-01-01 01:21:01.687259');
INSERT INTO "public2"."messages" VALUES (238899, 29, 348, '040f65050f65060f65070f65', '0001-01-01 00:54:29', '0001-01-01 01:21:01.700934', '0001-01-01 01:21:01.700934');
INSERT INTO "public2"."messages" VALUES (239997, 29, 534, '040f6b050f6c060f6c070f6c', '0001-01-01 08:23:16', '0001-01-01 08:32:22.96361', '0001-01-01 08:32:22.96361');
INSERT INTO "public2"."messages" VALUES (239998, 29, 533, '000f6b010f6b020f6b030f6a', '0001-01-01 08:22:51', '0001-01-01 08:32:22.986189', '0001-01-01 08:32:22.986189');
INSERT INTO "public2"."messages" VALUES (239999, 29, 532, '2202146000120023', '0001-01-01 08:22:27', '0001-01-01 08:32:23.003197', '0001-01-01 08:32:23.003197');
INSERT INTO "public2"."messages" VALUES (240000, 30, 447, '0c08b70d062e0e00030f0015', '0001-01-01 08:26:48', '0001-01-01 08:32:23.92118', '0001-01-01 08:32:23.92118');
INSERT INTO "public2"."messages" VALUES (872, 3, 2601, '0c08340d03a6', '0001-01-01 20:48:31', '0001-01-01 20:51:46.644058', '0001-01-01 20:51:46.644058');
INSERT INTO "public2"."messages" VALUES (873, 3, 2600, '0807920902e40a00720b0336', '0001-01-01 20:48:07', '0001-01-01 20:51:46.659447', '0001-01-01 20:51:46.659447');
INSERT INTO "public2"."messages" VALUES (874, 3, 2599, '0407b2050398060fb80702ce', '0001-01-01 20:47:42', '0001-01-01 20:51:46.675172', '0001-01-01 20:51:46.675172');
INSERT INTO "public2"."messages" VALUES (875, 3, 2598, '000fab0100060206060302e0', '0001-01-01 20:47:17', '0001-01-01 20:51:46.686857', '0001-01-01 20:51:46.686857');
INSERT INTO "public2"."messages" VALUES (238900, 29, 347, '000f64010f64020f64030f64', '0001-01-01 00:54:04', '0001-01-01 01:21:01.715446', '0001-01-01 01:21:01.715446');
INSERT INTO "public2"."messages" VALUES (238901, 29, 346, '1861077600120133', '0001-01-01 00:53:40', '0001-01-01 01:21:01.730138', '0001-01-01 01:21:01.730138');
INSERT INTO "public2"."messages" VALUES (240001, 30, 446, '0800020901a70a0ebc0b08ca', '0001-01-01 08:26:23', '0001-01-01 08:32:23.933204', '0001-01-01 08:32:23.933204');
INSERT INTO "public2"."messages" VALUES (240002, 30, 445, '040f6a050f6a060f6a070f6a', '0001-01-01 08:25:57', '0001-01-01 08:32:23.944523', '0001-01-01 08:32:23.944523');
INSERT INTO "public2"."messages" VALUES (240003, 30, 444, '000f69010f69020f69030f69', '0001-01-01 08:25:33', '0001-01-01 08:32:23.955332', '0001-01-01 08:32:23.955332');
INSERT INTO "public2"."messages" VALUES (240004, 30, 443, '2228158300030020', '0001-01-01 08:25:09', '0001-01-01 08:32:23.967023', '0001-01-01 08:32:23.967023');
INSERT INTO "public2"."messages" VALUES (240005, 31, 544, '0407ba0507b70607f20707a3', '0001-01-01 08:31:48', '0001-01-01 08:32:24.973051', '0001-01-01 08:32:24.973051');
INSERT INTO "public2"."messages" VALUES (883, 3, 2605, '0c082f0d03a9', '0001-01-01 21:02:03', '0001-01-01 21:09:59.264657', '0001-01-01 21:09:59.264657');
INSERT INTO "public2"."messages" VALUES (884, 3, 2604, '08078f0902e30a00720b033b', '0001-01-01 21:01:39', '0001-01-01 21:09:59.276771', '0001-01-01 21:09:59.276771');
INSERT INTO "public2"."messages" VALUES (885, 3, 2603, '0407b205039c060fb70702ce', '0001-01-01 21:01:14', '0001-01-01 21:09:59.288934', '0001-01-01 21:09:59.288934');
INSERT INTO "public2"."messages" VALUES (886, 3, 2602, '000fab0100050206060302df', '0001-01-01 21:00:48', '0001-01-01 21:09:59.308268', '0001-01-01 21:09:59.308268');
INSERT INTO "public2"."messages" VALUES (240006, 31, 543, '0007d70107aa0207f2030795', '0001-01-01 08:31:23', '0001-01-01 08:32:24.986941', '0001-01-01 08:32:24.986941');
INSERT INTO "public2"."messages" VALUES (276435, 22, 1997, '0c08b90d09790e019c0f0000', '0001-01-01 17:37:22', '0001-01-01 17:41:02.882835', '0001-01-01 17:41:02.882835');
INSERT INTO "public2"."messages" VALUES (276436, 22, 1996, '080fd1090fd10a0fd10b0fd1', '0001-01-01 17:36:57', '0001-01-01 17:41:02.898055', '0001-01-01 17:41:02.898055');
INSERT INTO "public2"."messages" VALUES (276437, 22, 1995, '040a50050fd1060fd1070fd1', '0001-01-01 17:36:41', '0001-01-01 17:41:02.909874', '0001-01-01 17:41:02.909874');
INSERT INTO "public2"."messages" VALUES (276438, 22, 1994, '0002e00108a60200e00308a6', '0001-01-01 17:36:12', '0001-01-01 17:41:02.920455', '0001-01-01 17:41:02.920455');
INSERT INTO "public2"."messages" VALUES (276439, 29, 2615, '0c09a20d09730e000b0f0000', '0001-01-01 17:36:55', '0001-01-01 17:41:06.897603', '0001-01-01 17:41:06.897603');
INSERT INTO "public2"."messages" VALUES (276440, 29, 2614, '08033f0901a90a0f070b08c7', '0001-01-01 17:36:30', '0001-01-01 17:41:06.914782', '0001-01-01 17:41:06.914782');
INSERT INTO "public2"."messages" VALUES (276441, 29, 2613, '040f6a050f6a060f6b070f6b', '0001-01-01 17:36:05', '0001-01-01 17:41:06.935719', '0001-01-01 17:41:06.935719');
INSERT INTO "public2"."messages" VALUES (276442, 29, 2612, '000f6a010f6a020f6a030f69', '0001-01-01 17:35:40', '0001-01-01 17:41:06.953694', '0001-01-01 17:41:06.953694');
INSERT INTO "public2"."messages" VALUES (276443, 29, 2611, '2467241800120000', '0001-01-01 17:35:16', '0001-01-01 17:41:06.967471', '0001-01-01 17:41:06.967471');
INSERT INTO "public2"."messages" VALUES (276447, 31, 1552, '0c092b0d09820e00010f0000', '0001-01-01 17:31:29', '0001-01-01 17:41:08.896463', '0001-01-01 17:41:08.896463');
INSERT INTO "public2"."messages" VALUES (898, 3, 2609, '0c08420d03ac', '0001-01-01 21:15:35', '0001-01-01 21:21:56.060042', '0001-01-01 21:21:56.060042');
INSERT INTO "public2"."messages" VALUES (899, 3, 2608, '08076f0902e20a00710b0340', '0001-01-01 21:15:10', '0001-01-01 21:21:56.069493', '0001-01-01 21:21:56.069493');
INSERT INTO "public2"."messages" VALUES (900, 3, 2607, '0407ba0503a0060fb80702ca', '0001-01-01 21:14:45', '0001-01-01 21:21:56.076792', '0001-01-01 21:21:56.076792');
INSERT INTO "public2"."messages" VALUES (901, 3, 2606, '000fab01000602060c0302e0', '0001-01-01 21:14:20', '0001-01-01 21:21:56.083578', '0001-01-01 21:21:56.083578');
INSERT INTO "public2"."messages" VALUES (276448, 31, 1551, '080fcf0909160a09170b0921', '0001-01-01 17:31:05', '0001-01-01 17:41:08.91385', '0001-01-01 17:41:08.91385');
INSERT INTO "public2"."messages" VALUES (305410, 22, 2334, '0c08080d07450e00900f0000', '0001-01-01 17:54:15', '0001-01-01 18:04:34.356262', '0001-01-01 18:04:34.356262');
INSERT INTO "public2"."messages" VALUES (305411, 22, 2333, '080fd0090fd00a0fd00b0fd0', '0001-01-01 17:53:50', '0001-01-01 18:04:34.379512', '0001-01-01 18:04:34.379512');
INSERT INTO "public2"."messages" VALUES (305412, 22, 2332, '040b48050fd0060fd0070fd0', '0001-01-01 17:53:31', '0001-01-01 18:04:34.395771', '0001-01-01 18:04:34.395771');
INSERT INTO "public2"."messages" VALUES (906, 3, 2613, '0c083e0d03ae', '0001-01-01 21:29:05', '0001-01-01 21:31:31.202866', '0001-01-01 21:31:31.202866');
INSERT INTO "public2"."messages" VALUES (907, 3, 2612, '0807970902e30a00710b0340', '0001-01-01 21:28:42', '0001-01-01 21:31:31.213059', '0001-01-01 21:31:31.213059');
INSERT INTO "public2"."messages" VALUES (908, 3, 2611, '0407c00503a3060fb80702ce', '0001-01-01 21:28:17', '0001-01-01 21:31:31.220482', '0001-01-01 21:31:31.220482');
INSERT INTO "public2"."messages" VALUES (909, 3, 2610, '000fab0100060206130302e5', '0001-01-01 21:27:51', '0001-01-01 21:31:31.227341', '0001-01-01 21:31:31.227341');
INSERT INTO "public2"."messages" VALUES (305413, 22, 2331, '0002ee0108030200af030804', '0001-01-01 17:53:00', '0001-01-01 18:04:34.407535', '0001-01-01 18:04:34.407535');
INSERT INTO "public2"."messages" VALUES (305414, 29, 3878, '0c08aa0d09850e000b0f0000', '0001-01-01 17:53:55', '0001-01-01 18:04:38.374864', '0001-01-01 18:04:38.374864');
INSERT INTO "public2"."messages" VALUES (305415, 29, 3877, '0803a80901a80a0f370b0880', '0001-01-01 17:53:30', '0001-01-01 18:04:38.396291', '0001-01-01 18:04:38.396291');
INSERT INTO "public2"."messages" VALUES (240007, 3, 1329, '0c07f00d050c0e00100f000a', '0001-01-01 08:34:36', '0001-01-01 08:42:03.305161', '0001-01-01 08:42:03.305161');
INSERT INTO "public2"."messages" VALUES (240008, 3, 1328, '08069e0901a20a0ea10b07f3', '0001-01-01 08:34:11', '0001-01-01 08:42:03.322455', '0001-01-01 08:42:03.322455');
INSERT INTO "public2"."messages" VALUES (240009, 3, 1327, '0407990507d706098e07077c', '0001-01-01 08:33:46', '0001-01-01 08:42:03.338083', '0001-01-01 08:42:03.338083');
INSERT INTO "public2"."messages" VALUES (240010, 3, 1326, '000793010752020788030770', '0001-01-01 08:33:21', '0001-01-01 08:42:03.352954', '0001-01-01 08:42:03.352954');
INSERT INTO "public2"."messages" VALUES (238906, 3, 1197, '0c07570d037d0e008c0f000a', '0001-01-01 01:30:14', '0001-01-01 01:32:10.810197', '0001-01-01 01:32:10.810197');
INSERT INTO "public2"."messages" VALUES (238907, 3, 1196, '0806940901a00a0e730b0849', '0001-01-01 01:29:49', '0001-01-01 01:32:10.82791', '0001-01-01 01:32:10.82791');
INSERT INTO "public2"."messages" VALUES (238908, 3, 1195, '0407ac0507fa060989070767', '0001-01-01 01:29:24', '0001-01-01 01:32:10.843366', '0001-01-01 01:32:10.843366');
INSERT INTO "public2"."messages" VALUES (238909, 3, 1194, '0007bd01076c02079e030776', '0001-01-01 01:28:59', '0001-01-01 01:32:10.863715', '0001-01-01 01:32:10.863715');
INSERT INTO "public2"."messages" VALUES (240011, 4, 536, '0c08d00d06300e00070f000e', '0001-01-01 08:41:23', '0001-01-01 08:42:04.115792', '0001-01-01 08:42:04.115792');
INSERT INTO "public2"."messages" VALUES (240012, 4, 535, '080ffa090ffb0a0ffb0b0ffb', '0001-01-01 08:40:58', '0001-01-01 08:42:04.130607', '0001-01-01 08:42:04.130607');
INSERT INTO "public2"."messages" VALUES (240013, 4, 534, '040ffa050ffa060ffb070ffa', '0001-01-01 08:40:33', '0001-01-01 08:42:04.144663', '0001-01-01 08:42:04.144663');
INSERT INTO "public2"."messages" VALUES (925, 3, 2617, '0c083a0d03b0', '0001-01-01 21:42:37', '0001-01-01 21:51:50.234509', '0001-01-01 21:51:50.234509');
INSERT INTO "public2"."messages" VALUES (926, 3, 2616, '08078f0902e40a006f0b0341', '0001-01-01 21:42:12', '0001-01-01 21:51:50.24865', '0001-01-01 21:51:50.24865');
INSERT INTO "public2"."messages" VALUES (927, 3, 2615, '0407c40503a3060fb80702cd', '0001-01-01 21:41:48', '0001-01-01 21:51:50.256745', '0001-01-01 21:51:50.256745');
INSERT INTO "public2"."messages" VALUES (928, 3, 2614, '000fab0100050206130302e4', '0001-01-01 21:41:23', '0001-01-01 21:51:50.264447', '0001-01-01 21:51:50.264447');
INSERT INTO "public2"."messages" VALUES (238924, 29, 365, '0c07470d02f20e000b0f0085', '0001-01-01 01:31:42', '0001-01-01 01:32:18.614532', '0001-01-01 01:32:18.614532');
INSERT INTO "public2"."messages" VALUES (238925, 29, 364, '0803690901a10a04cd0b08e5', '0001-01-01 01:31:18', '0001-01-01 01:32:18.631063', '0001-01-01 01:32:18.631063');
INSERT INTO "public2"."messages" VALUES (238926, 29, 363, '040f64050f64060f64070f64', '0001-01-01 01:30:52', '0001-01-01 01:32:18.645512', '0001-01-01 01:32:18.645512');
INSERT INTO "public2"."messages" VALUES (238927, 29, 362, '000f63010f63020f63030f63', '0001-01-01 01:30:28', '0001-01-01 01:32:18.659043', '0001-01-01 01:32:18.659043');
INSERT INTO "public2"."messages" VALUES (240014, 4, 533, '000ff9010ff9020ff9030ff9', '0001-01-01 08:40:09', '0001-01-01 08:42:04.15828', '0001-01-01 08:42:04.15828');
INSERT INTO "public2"."messages" VALUES (934, 3, 2624, '08079f0902e70a006f0b0343', '0001-01-01 22:09:16', '0001-01-01 22:09:48.706008', '0001-01-01 22:09:48.706008');
INSERT INTO "public2"."messages" VALUES (935, 3, 2623, '0407cf0503a6060fb80702cd', '0001-01-01 22:08:51', '0001-01-01 22:09:48.725165', '0001-01-01 22:09:48.725165');
INSERT INTO "public2"."messages" VALUES (936, 3, 2622, '000fab01000602061e0302e6', '0001-01-01 22:08:27', '0001-01-01 22:09:48.744664', '0001-01-01 22:09:48.744664');
INSERT INTO "public2"."messages" VALUES (937, 3, 2621, '0c08470d03b6', '0001-01-01 21:56:09', '0001-01-01 22:09:48.769634', '0001-01-01 22:09:48.769634');
INSERT INTO "public2"."messages" VALUES (938, 3, 2620, '08076d0902e40a00730b0341', '0001-01-01 21:55:44', '0001-01-01 22:09:48.784599', '0001-01-01 22:09:48.784599');
INSERT INTO "public2"."messages" VALUES (939, 3, 2619, '0407cd0503a7060fb80702cc', '0001-01-01 21:55:19', '0001-01-01 22:09:48.797077', '0001-01-01 22:09:48.797077');
INSERT INTO "public2"."messages" VALUES (940, 3, 2618, '000fab01000602061c0302e8', '0001-01-01 21:54:55', '0001-01-01 22:09:48.808186', '0001-01-01 22:09:48.808186');
INSERT INTO "public2"."messages" VALUES (238928, 29, 361, '1850082200120131', '0001-01-01 01:30:03', '0001-01-01 01:32:18.67336', '0001-01-01 01:32:18.67336');
INSERT INTO "public2"."messages" VALUES (238929, 30, 272, '0c084f0d03e80e00030f007c', '0001-01-01 01:22:36', '0001-01-01 01:32:19.656664', '0001-01-01 01:32:19.656664');
INSERT INTO "public2"."messages" VALUES (238930, 30, 271, '0800290901a50a0ede0b0901', '0001-01-01 01:22:12', '0001-01-01 01:32:19.674134', '0001-01-01 01:32:19.674134');
INSERT INTO "public2"."messages" VALUES (238931, 30, 270, '040f6b050f6b060f6c070f6c', '0001-01-01 01:21:46', '0001-01-01 01:32:19.68866', '0001-01-01 01:32:19.68866');
INSERT INTO "public2"."messages" VALUES (240015, 4, 532, '2254156600040015', '0001-01-01 08:39:44', '0001-01-01 08:42:04.171635', '0001-01-01 08:42:04.171635');
INSERT INTO "public2"."messages" VALUES (240016, 7, 111, '0c07940d04f80e00060f0004', '0001-01-01 08:38:24', '0001-01-01 08:42:05.099795', '0001-01-01 08:42:05.099795');
INSERT INTO "public2"."messages" VALUES (240017, 7, 110, '0806130905ed0a071e0b0603', '0001-01-01 08:37:59', '0001-01-01 08:42:05.110485', '0001-01-01 08:42:05.110485');
INSERT INTO "public2"."messages" VALUES (240018, 7, 109, '040616050614060783070623', '0001-01-01 08:37:35', '0001-01-01 08:42:05.12072', '0001-01-01 08:42:05.12072');
INSERT INTO "public2"."messages" VALUES (240019, 7, 108, '0006a80106aa0207710306e5', '0001-01-01 08:37:10', '0001-01-01 08:42:05.131084', '0001-01-01 08:42:05.131084');
INSERT INTO "public2"."messages" VALUES (240020, 29, 541, '0c08a60d05e80e000b0f0011', '0001-01-01 08:36:13', '0001-01-01 08:42:10.229163', '0001-01-01 08:42:10.229163');
INSERT INTO "public2"."messages" VALUES (240021, 29, 540, '0803720901a30a0f400b08b7', '0001-01-01 08:35:49', '0001-01-01 08:42:10.248709', '0001-01-01 08:42:10.248709');
INSERT INTO "public2"."messages" VALUES (240022, 29, 539, '040f6b050f6c060f6c070f6c', '0001-01-01 08:35:23', '0001-01-01 08:42:10.2629', '0001-01-01 08:42:10.2629');
INSERT INTO "public2"."messages" VALUES (953, 3, 2625, '0c08490d03b1', '0001-01-01 22:09:40', '0001-01-01 22:11:53.650774', '0001-01-01 22:11:53.650774');
INSERT INTO "public2"."messages" VALUES (238932, 30, 269, '000f6b010f6b020f6b030f6a', '0001-01-01 01:21:22', '0001-01-01 01:32:19.702254', '0001-01-01 01:32:19.702254');
INSERT INTO "public2"."messages" VALUES (238933, 30, 268, '2105104300030124', '0001-01-01 01:20:57', '0001-01-01 01:32:19.715707', '0001-01-01 01:32:19.715707');
INSERT INTO "public2"."messages" VALUES (238934, 31, 402, '0c07730d04660e00020f0053', '0001-01-01 01:30:05', '0001-01-01 01:32:20.711789', '0001-01-01 01:32:20.711789');
INSERT INTO "public2"."messages" VALUES (238935, 31, 401, '080fc50907c20a07bf0b07b1', '0001-01-01 01:29:40', '0001-01-01 01:32:20.725846', '0001-01-01 01:32:20.725846');
INSERT INTO "public2"."messages" VALUES (240023, 29, 538, '000f6b010f6b020f6b030f6a', '0001-01-01 08:34:59', '0001-01-01 08:42:10.276412', '0001-01-01 08:42:10.276412');
INSERT INTO "public2"."messages" VALUES (240024, 29, 537, '2213150300120018', '0001-01-01 08:34:34', '0001-01-01 08:42:10.291186', '0001-01-01 08:42:10.291186');
INSERT INTO "public2"."messages" VALUES (240025, 30, 452, '0c08bb0d06440e00030f000f', '0001-01-01 08:38:54', '0001-01-01 08:42:11.112406', '0001-01-01 08:42:11.112406');
INSERT INTO "public2"."messages" VALUES (240026, 30, 451, '0800030901a70a0eb20b08c9', '0001-01-01 08:38:30', '0001-01-01 08:42:11.125096', '0001-01-01 08:42:11.125096');
INSERT INTO "public2"."messages" VALUES (962, 3, 2629, '0c083f0d03b2', '0001-01-01 22:23:12', '0001-01-01 22:31:31.027318', '0001-01-01 22:31:31.027318');
INSERT INTO "public2"."messages" VALUES (963, 3, 2628, '0807860902e80a00700b0340', '0001-01-01 22:22:48', '0001-01-01 22:31:31.047452', '0001-01-01 22:31:31.047452');
INSERT INTO "public2"."messages" VALUES (964, 3, 2627, '0407cd0503a4060fb80702c8', '0001-01-01 22:22:23', '0001-01-01 22:31:31.056756', '0001-01-01 22:31:31.056756');
INSERT INTO "public2"."messages" VALUES (965, 3, 2626, '000fab01000502061c0302e5', '0001-01-01 22:21:58', '0001-01-01 22:31:31.273104', '0001-01-01 22:31:31.273104');
INSERT INTO "public2"."messages" VALUES (238936, 31, 400, '0407b70507a60607bf0707a2', '0001-01-01 01:29:15', '0001-01-01 01:32:20.738517', '0001-01-01 01:32:20.738517');
INSERT INTO "public2"."messages" VALUES (238937, 31, 399, '0007aa01076e020787030786', '0001-01-01 01:28:50', '0001-01-01 01:32:20.751438', '0001-01-01 01:32:20.751438');
INSERT INTO "public2"."messages" VALUES (238938, 4, 360, '0c07fe0d03d70e00090f0084', '0001-01-01 01:36:37', '0001-01-01 01:41:08.903485', '0001-01-01 01:41:08.903485');
INSERT INTO "public2"."messages" VALUES (238939, 4, 359, '080ffa090ffa0a0ffb0b0ffb', '0001-01-01 01:36:12', '0001-01-01 01:41:08.919949', '0001-01-01 01:41:08.919949');
INSERT INTO "public2"."messages" VALUES (970, 3, 2633, '0c084c0d03b3', '0001-01-01 22:36:44', '0001-01-01 22:41:19.949663', '0001-01-01 22:41:19.949663');
INSERT INTO "public2"."messages" VALUES (971, 3, 2632, '08077a0902dd0a00720b0345', '0001-01-01 22:36:19', '0001-01-01 22:41:19.958332', '0001-01-01 22:41:19.958332');
INSERT INTO "public2"."messages" VALUES (972, 3, 2631, '0407cc0503a4060fb80702c7', '0001-01-01 22:35:55', '0001-01-01 22:41:19.96846', '0001-01-01 22:41:19.96846');
INSERT INTO "public2"."messages" VALUES (973, 3, 2630, '000fab01000502061f0302e6', '0001-01-01 22:35:29', '0001-01-01 22:41:19.976074', '0001-01-01 22:41:19.976074');
INSERT INTO "public2"."messages" VALUES (238940, 4, 358, '040ffa050ffa060ffa070ffb', '0001-01-01 01:35:47', '0001-01-01 01:41:08.93618', '0001-01-01 01:41:08.93618');
INSERT INTO "public2"."messages" VALUES (240027, 30, 450, '040f6a050f6a060f6a070f6a', '0001-01-01 08:38:04', '0001-01-01 08:42:11.13729', '0001-01-01 08:42:11.13729');
INSERT INTO "public2"."messages" VALUES (240028, 30, 449, '000f69010f69020f69030f69', '0001-01-01 08:37:40', '0001-01-01 08:42:11.150249', '0001-01-01 08:42:11.150249');
INSERT INTO "public2"."messages" VALUES (240029, 30, 448, '2232160300030016', '0001-01-01 08:37:16', '0001-01-01 08:42:11.162025', '0001-01-01 08:42:11.162025');
INSERT INTO "public2"."messages" VALUES (240030, 31, 546, '0c07f90d057c0e00020f000c', '0001-01-01 08:32:39', '0001-01-01 08:42:12.156327', '0001-01-01 08:42:12.156327');
INSERT INTO "public2"."messages" VALUES (979, 3, 2637, '0c083c0d03af', '0001-01-01 22:50:15', '0001-01-01 22:52:02.403919', '0001-01-01 22:52:02.403919');
INSERT INTO "public2"."messages" VALUES (980, 3, 2636, '0807900902dd0a00710b0342', '0001-01-01 22:49:51', '0001-01-01 22:52:02.4278', '0001-01-01 22:52:02.4278');
INSERT INTO "public2"."messages" VALUES (981, 3, 2635, '0407cc0503a3060fb80702c9', '0001-01-01 22:49:26', '0001-01-01 22:52:02.436103', '0001-01-01 22:52:02.436103');
INSERT INTO "public2"."messages" VALUES (982, 3, 2634, '000fab01000502061e0302e5', '0001-01-01 22:49:01', '0001-01-01 22:52:02.447587', '0001-01-01 22:52:02.447587');
INSERT INTO "public2"."messages" VALUES (238941, 4, 357, '000ff9010ff9020ff9030ff9', '0001-01-01 01:35:22', '0001-01-01 01:41:08.95235', '0001-01-01 01:41:08.95235');
INSERT INTO "public2"."messages" VALUES (238942, 4, 356, '2050100500050133', '0001-01-01 01:34:58', '0001-01-01 01:41:08.968383', '0001-01-01 01:41:08.968383');
INSERT INTO "public2"."messages" VALUES (238943, 7, 4062, '0c06740d03040e00420f0005', '0001-01-01 01:35:43', '0001-01-01 01:41:09.900313', '0001-01-01 01:41:09.900313');
INSERT INTO "public2"."messages" VALUES (240031, 31, 545, '080fc70907ee0a07ee0b07ff', '0001-01-01 08:32:14', '0001-01-01 08:42:12.17186', '0001-01-01 08:42:12.17186');
INSERT INTO "public2"."messages" VALUES (276449, 7, 1117, '0c089c0d08940e00000f0005', '0001-01-01 17:43:33', '0001-01-01 17:51:31.998322', '0001-01-01 17:51:31.998322');
INSERT INTO "public2"."messages" VALUES (276450, 7, 1116, '08076f0906ca0a07ae0b06c1', '0001-01-01 17:43:09', '0001-01-01 17:51:32.015682', '0001-01-01 17:51:32.015682');
INSERT INTO "public2"."messages" VALUES (990, 3, 2641, '0c085d0d03b0', '0001-01-01 23:03:47', '0001-01-01 23:12:02.015579', '0001-01-01 23:12:02.015579');
INSERT INTO "public2"."messages" VALUES (991, 3, 2640, '0807600902d50a00720b0340', '0001-01-01 23:03:23', '0001-01-01 23:12:02.034182', '0001-01-01 23:12:02.034182');
INSERT INTO "public2"."messages" VALUES (992, 3, 2639, '0407ca0503a1060fb70702c4', '0001-01-01 23:02:58', '0001-01-01 23:12:02.050795', '0001-01-01 23:12:02.050795');
INSERT INTO "public2"."messages" VALUES (993, 3, 2638, '000fab01000502061f0302e2', '0001-01-01 23:02:33', '0001-01-01 23:12:02.065177', '0001-01-01 23:12:02.065177');
INSERT INTO "public2"."messages" VALUES (238944, 7, 4061, '08058c0905af0a06c50b05c8', '0001-01-01 01:35:19', '0001-01-01 01:41:09.912928', '0001-01-01 01:41:09.912928');
INSERT INTO "public2"."messages" VALUES (238945, 7, 4060, '040604050638060767070638', '0001-01-01 01:34:54', '0001-01-01 01:41:09.924201', '0001-01-01 01:41:09.924201');
INSERT INTO "public2"."messages" VALUES (238946, 7, 4059, '00067e010685020721030698', '0001-01-01 01:34:29', '0001-01-01 01:41:09.934951', '0001-01-01 01:41:09.934951');
INSERT INTO "public2"."messages" VALUES (238910, 4, 355, '0c08080d03a00e00090f0085', '0001-01-01 01:24:29', '0001-01-01 01:32:11.63654', '0001-01-01 01:32:11.63654');
INSERT INTO "public2"."messages" VALUES (238911, 4, 354, '080ffa090ffb0a0ffb0b0ffb', '0001-01-01 01:24:04', '0001-01-01 01:32:11.654452', '0001-01-01 01:32:11.654452');
INSERT INTO "public2"."messages" VALUES (238912, 4, 353, '040ffa050ffa060ffa070ffb', '0001-01-01 01:23:40', '0001-01-01 01:32:11.673118', '0001-01-01 01:32:11.673118');
INSERT INTO "public2"."messages" VALUES (238913, 4, 352, '000ff9010ff9020ff9030ff8', '0001-01-01 01:23:14', '0001-01-01 01:32:11.687675', '0001-01-01 01:32:11.687675');
INSERT INTO "public2"."messages" VALUES (238914, 4, 351, '2067090400050131', '0001-01-01 01:22:50', '0001-01-01 01:32:11.701846', '0001-01-01 01:32:11.701846');
INSERT INTO "public2"."messages" VALUES (240032, 3, 1333, '0c08040d051d0e000c0f000a', '0001-01-01 08:47:25', '0001-01-01 08:51:18.405178', '0001-01-01 08:51:18.405178');
INSERT INTO "public2"."messages" VALUES (240033, 3, 1332, '0806a00901a20a0e9b0b07f4', '0001-01-01 08:46:59', '0001-01-01 08:51:18.429616', '0001-01-01 08:51:18.429616');
INSERT INTO "public2"."messages" VALUES (240034, 3, 1331, '04079c0507da0609a4070780', '0001-01-01 08:46:35', '0001-01-01 08:51:18.45953', '0001-01-01 08:51:18.45953');
INSERT INTO "public2"."messages" VALUES (240035, 3, 1330, '00079601075702078f030774', '0001-01-01 08:46:10', '0001-01-01 08:51:18.478264', '0001-01-01 08:51:18.478264');
INSERT INTO "public2"."messages" VALUES (1006, 3, 2645, '0c08580d03af', '0001-01-01 23:17:19', '0001-01-01 23:21:44.556943', '0001-01-01 23:21:44.556943');
INSERT INTO "public2"."messages" VALUES (1007, 3, 2644, '0807830902d60a00720b0342', '0001-01-01 23:16:55', '0001-01-01 23:21:44.569762', '0001-01-01 23:21:44.569762');
INSERT INTO "public2"."messages" VALUES (1008, 3, 2643, '0407ce0503a3060fb80702d3', '0001-01-01 23:16:30', '0001-01-01 23:21:44.579119', '0001-01-01 23:21:44.579119');
INSERT INTO "public2"."messages" VALUES (1009, 3, 2642, '000fab0100060206200302e6', '0001-01-01 23:16:05', '0001-01-01 23:21:44.587026', '0001-01-01 23:21:44.587026');
INSERT INTO "public2"."messages" VALUES (238915, 7, 4058, '0c069c0d03550e006d0f0005', '0001-01-01 01:23:59', '0001-01-01 01:32:12.616478', '0001-01-01 01:32:12.616478');

-- ----------------------------
-- Table structure for ph2_brand_master
-- ----------------------------
DROP TABLE IF EXISTS "public2"."ph2_brand_master";
CREATE TABLE "public2"."ph2_brand_master" (
  "id" int4 NOT NULL,
  "name" varchar(128) COLLATE "pg_catalog"."default" NOT NULL,
  "created_at" timestamp(6) NOT NULL DEFAULT CURRENT_TIMESTAMP,
  "updated_at" timestamp(6) NOT NULL DEFAULT CURRENT_TIMESTAMP
)
;
COMMENT ON COLUMN "public2"."ph2_brand_master"."id" IS 'ブランド番号';
COMMENT ON COLUMN "public2"."ph2_brand_master"."name" IS 'ブランド名';

-- ----------------------------
-- Records of ph2_brand_master
-- ----------------------------
INSERT INTO "public2"."ph2_brand_master" VALUES (1, 'シャインマスカット', '2023-04-10 17:28:46.024395', '2023-04-10 17:29:50');

-- ----------------------------
-- Table structure for ph2_default_paramset
-- ----------------------------
DROP TABLE IF EXISTS "public2"."ph2_default_paramset";
CREATE TABLE "public2"."ph2_default_paramset" (
  "model_id" int4 NOT NULL,
  "entity" varchar(255) COLLATE "pg_catalog"."default" NOT NULL,
  "data" varchar(1024) COLLATE "pg_catalog"."default" NOT NULL,
  "created_at" timestamp(6) NOT NULL,
  "updated_at" timestamp(6) NOT NULL
)
;

-- ----------------------------
-- Records of ph2_default_paramset
-- ----------------------------
INSERT INTO "public2"."ph2_default_paramset" VALUES (2, 'Ph2ParamsetLeafAreaEntity', '{
    "paramsetId": null,
    "valueA": 0.9,
    "valueB": 500,
    "valueC": 0.002,
    "createdAt": null,
    "updatedAt": null
}', '2023-04-11 14:31:05', '2023-04-11 14:31:09');
INSERT INTO "public2"."ph2_default_paramset" VALUES (2, 'Ph2ParamsetLeafCountEntity', '{
    "paramsetId": null,
    "valueC": 0.043,
    "valueD": 0.3946,
    "createdAt": null,
    "updatedAt": null
}', '2023-04-11 14:36:50', '2023-04-11 14:36:55');
INSERT INTO "public2"."ph2_default_paramset" VALUES (3, 'Ph2ParamsetPsFieldEntity', '{
    "paramsetId": null,
    "valueF": 0.8,
    "valueG": -0.001,
    "createdAt": null,
    "updatedAt": null
}', '2023-04-11 14:40:38', '2023-04-11 14:40:43');
INSERT INTO "public2"."ph2_default_paramset" VALUES (3, 'Ph2ParamsetPsWeibullEntity', '{
    "paramsetId": null,
    "valueA": null,
    "valueB": null,
    "valueL": null,
    "createdAt": null,
    "updatedAt": null
}', '2023-04-11 14:42:43', '2023-04-11 14:42:45');
INSERT INTO "public2"."ph2_default_paramset" VALUES (4, 'Ph2ParamsetFruitFieldEntity', '{
    "paramsetId": null,
    "valueF": null,
    "valueG": null,
    "createdAt": null,
    "updatedAt": null
}', '2023-04-11 14:45:41', '2023-04-11 14:45:44');
INSERT INTO "public2"."ph2_default_paramset" VALUES (4, 'Ph2paramsetFruitWeibullEntity', '{
    "paramsetId": null,
    "valueA": null,
    "valueB": null,
    "valueL": null,
    "createdAt": null,
    "updatedAt": null
}', '2023-04-11 14:47:36', '2023-04-11 14:47:39');
INSERT INTO "public2"."ph2_default_paramset" VALUES (1, 'Ph2ParamsetGrowthEntity', '{
    "paramsetId": null,
    "beforeD": -0.6,
    "beforeE": 8.6,
    "afterD": -0.6,
    "afterE": 13.7,
    "createdAt": null,
    "updatedAt": null
}', '2023-04-11 14:25:57', '2023-04-11 14:26:00');

-- ----------------------------
-- Table structure for ph2_devices
-- ----------------------------
DROP TABLE IF EXISTS "public2"."ph2_devices";
CREATE TABLE "public2"."ph2_devices" (
  "id" int8 NOT NULL DEFAULT nextval('ph2_devices_id2_seq'::regclass),
  "field_id" int8 NOT NULL,
  "name" varchar COLLATE "pg_catalog"."default" NOT NULL,
  "location" varchar COLLATE "pg_catalog"."default",
  "placed_on" date,
  "client" varchar COLLATE "pg_catalog"."default",
  "sigfox_device_id" varchar COLLATE "pg_catalog"."default" NOT NULL DEFAULT ''::character varying,
  "created_at" timestamp(6) NOT NULL DEFAULT CURRENT_TIMESTAMP,
  "updated_at" timestamp(6) NOT NULL DEFAULT CURRENT_TIMESTAMP
)
;

-- ----------------------------
-- Records of ph2_devices
-- ----------------------------
INSERT INTO "public2"."ph2_devices" VALUES (1093, 12, '新規デバイス 2', 'mbsd', '0001-01-01', 'mbsd', '1111', '2023-04-10 17:34:14.887354', '2023-04-10 17:34:14.887354');
INSERT INTO "public2"."ph2_devices" VALUES (1099, 1, '新規デバイス 1', '', NULL, '', '', '2023-04-10 17:34:14.887354', '2023-04-10 17:34:14.887354');
INSERT INTO "public2"."ph2_devices" VALUES (4, 2, '北杜AKB1　3本　旧', '北杜AKB1', '0001-01-01', 'GreenColor', '77122B', '2023-04-10 17:34:14.887354', '2023-04-10 17:34:14.887354');
INSERT INTO "public2"."ph2_devices" VALUES (7, 3, '新規デバイス 1', '和歌山', '0001-01-01', '', '7447DD', '2023-04-10 17:34:14.887354', '2023-04-10 17:34:14.887354');
INSERT INTO "public2"."ph2_devices" VALUES (31, 8, '葡萄専心サイドレス3本', '葡萄専心サイドレス', '0001-01-01', '株式会社GREENCOLLAR', '77122C', '2023-04-10 17:34:14.887354', '2023-04-10 17:34:14.887354');
INSERT INTO "public2"."ph2_devices" VALUES (53, 1, '葡萄専心イチノセ2本(新)', '葡萄専心イチノセ', '0001-01-01', '', '7711C9', '2023-04-10 17:34:14.887354', '2023-04-10 17:34:14.887354');
INSERT INTO "public2"."ph2_devices" VALUES (30, 5, '明野 2本', '明野', '0001-01-01', '株式会社GREENCOLLAR', '77122D', '2023-04-10 17:34:14.887354', '2023-04-10 17:34:14.887354');
INSERT INTO "public2"."ph2_devices" VALUES (32, 9, 'NZ 3本phase2', '', '0001-01-01', '', '41DF8B', '2023-04-10 17:34:14.887354', '2023-04-10 17:34:14.887354');
INSERT INTO "public2"."ph2_devices" VALUES (33, 9, 'NZ 2本phase1', '', '0001-01-01', '', '41DF88', '2023-04-10 17:34:14.887354', '2023-04-10 17:34:14.887354');
INSERT INTO "public2"."ph2_devices" VALUES (1091, 6, '新規デバイス 2', '', NULL, '', '', '2023-04-10 17:34:14.887354', '2023-04-10 17:34:14.887354');
INSERT INTO "public2"."ph2_devices" VALUES (25, 3, 'Nishioka TEST', 'Garden Flare', '0001-01-01', '', '741D85', '2023-04-10 17:34:14.887354', '2023-04-10 17:34:14.887354');
INSERT INTO "public2"."ph2_devices" VALUES (29, 4, '北杜AKB3 2本', '北杜AKB3', '0001-01-01', '株式会社GREENCOLLAR', '771223', '2023-04-10 17:34:14.887354', '2023-04-10 17:34:14.887354');
INSERT INTO "public2"."ph2_devices" VALUES (23, 3, '新規デバイス 2', '', '0001-01-01', '', '771182', '2023-04-10 17:34:14.887354', '2023-04-10 17:34:14.887354');
INSERT INTO "public2"."ph2_devices" VALUES (26, 6, '新規デバイス 1', '', NULL, '', '', '2023-04-10 17:34:14.887354', '2023-04-10 17:34:14.887354');
INSERT INTO "public2"."ph2_devices" VALUES (27, 7, '新規デバイス 1', '', NULL, '', '', '2023-04-10 17:34:14.887354', '2023-04-10 17:34:14.887354');
INSERT INTO "public2"."ph2_devices" VALUES (24, 3, '新規デバイス 3', '', '0001-01-01', '', '771227', '2023-04-10 17:34:14.887354', '2023-04-10 17:34:14.887354');
INSERT INTO "public2"."ph2_devices" VALUES (22, 3, 'Field Test System', 'Iwasaki-Vineyard', '0001-01-01', 'From Narimasu', '75B1D9', '2023-04-10 17:34:14.887354', '2023-04-10 17:34:14.887354');
INSERT INTO "public2"."ph2_devices" VALUES (1092, 12, '新規デバイス 1', '', NULL, '', '', '2023-04-10 17:34:14.887354', '2023-04-10 17:34:14.887354');
INSERT INTO "public2"."ph2_devices" VALUES (1101, 2, '北社AKB1　3本　新', '北社AKB1', NULL, 'GreenColor', '75B76E', '2023-04-10 17:34:14.887354', '2023-04-10 17:34:14.887354');
INSERT INTO "public2"."ph2_devices" VALUES (1094, 12, '123456', 'aaa', NULL, '', '', '2023-04-10 17:34:14.887354', '2023-04-10 17:34:14.887354');
INSERT INTO "public2"."ph2_devices" VALUES (34, 9, 'CliveNZ2本', 'Clive', '0001-01-01', '', '41DF86', '2023-04-10 17:34:14.887354', '2023-04-10 17:34:14.887354');
INSERT INTO "public2"."ph2_devices" VALUES (1100, 4, '新規デバイス 1', '', NULL, '', '', '2023-04-10 17:34:14.887354', '2023-04-10 17:34:14.887354');
INSERT INTO "public2"."ph2_devices" VALUES (1087, 12, 'MBSDTEST', 'mbsd', '0001-01-01', 'mbsd', '1234', '2023-04-10 17:34:14.887354', '2023-04-10 17:34:14.887354');
INSERT INTO "public2"."ph2_devices" VALUES (3, 1, '葡萄専心イチノセ2本(旧)', '葡萄専心イチノセ', '0001-01-01', '', '77122F', '2023-04-10 17:34:14.887354', '2023-04-10 17:34:14.887354');
INSERT INTO "public2"."ph2_devices" VALUES (1, 2, '新デバイス-北杜AKB1', NULL, NULL, NULL, '77122B', '2023-04-10 17:34:14.887354', '2023-04-10 17:34:14.887354');
INSERT INTO "public2"."ph2_devices" VALUES (2, 2, '新デバイス-北杜AKB1', NULL, NULL, NULL, '77122B', '2023-04-10 17:34:14.887354', '2023-04-10 17:34:14.887354');
INSERT INTO "public2"."ph2_devices" VALUES (1200, 2, '新デバイス-北杜AKB1', NULL, NULL, NULL, '77122B', '2023-04-10 17:34:14.887354', '2023-04-10 17:34:14.887354');
INSERT INTO "public2"."ph2_devices" VALUES (1201, 2, '新デバイス-北杜AKB1', NULL, NULL, NULL, '77122B', '2023-04-10 17:34:14.887354', '2023-04-10 17:34:14.887354');
INSERT INTO "public2"."ph2_devices" VALUES (1202, 2, '更新テスト-北杜AKB1', NULL, NULL, NULL, '77122B', '2023-04-10 17:34:14.887354', '2023-04-10 17:34:14.887354');

-- ----------------------------
-- Table structure for ph2_el_stage_master
-- ----------------------------
DROP TABLE IF EXISTS "public2"."ph2_el_stage_master";
CREATE TABLE "public2"."ph2_el_stage_master" (
  "id" int4 NOT NULL,
  "lapsed_day" int4 NOT NULL,
  "created_at" timestamp(6) NOT NULL DEFAULT CURRENT_TIMESTAMP,
  "updated_at" timestamp(6) NOT NULL DEFAULT CURRENT_TIMESTAMP
)
;
COMMENT ON COLUMN "public2"."ph2_el_stage_master"."id" IS 'ELStage番号';
COMMENT ON COLUMN "public2"."ph2_el_stage_master"."lapsed_day" IS '経過日';

-- ----------------------------
-- Records of ph2_el_stage_master
-- ----------------------------

-- ----------------------------
-- Table structure for ph2_fields
-- ----------------------------
DROP TABLE IF EXISTS "public2"."ph2_fields";
CREATE TABLE "public2"."ph2_fields" (
  "id" int8 NOT NULL,
  "name" varchar(128) COLLATE "pg_catalog"."default" NOT NULL,
  "location" varchar(512) COLLATE "pg_catalog"."default",
  "latitude" float8,
  "longitude" float8 DEFAULT nextval('ph2_fields_seq'::regclass),
  "client" varchar(255) COLLATE "pg_catalog"."default",
  "commence_date" varchar(10) COLLATE "pg_catalog"."default",
  "created_at" timestamp(6) NOT NULL DEFAULT CURRENT_TIMESTAMP,
  "updated_at" timestamp(6) NOT NULL DEFAULT CURRENT_TIMESTAMP
)
;
COMMENT ON COLUMN "public2"."ph2_fields"."id" IS '圃場ID';
COMMENT ON COLUMN "public2"."ph2_fields"."name" IS '圃場名';
COMMENT ON COLUMN "public2"."ph2_fields"."location" IS '住所';
COMMENT ON COLUMN "public2"."ph2_fields"."latitude" IS '緯度';
COMMENT ON COLUMN "public2"."ph2_fields"."longitude" IS '経度';
COMMENT ON COLUMN "public2"."ph2_fields"."client" IS '取引先';
COMMENT ON COLUMN "public2"."ph2_fields"."created_at" IS '作成日';
COMMENT ON COLUMN "public2"."ph2_fields"."updated_at" IS '更新日';

-- ----------------------------
-- Records of ph2_fields
-- ----------------------------
INSERT INTO "public2"."ph2_fields" VALUES (1, '新葡萄専心イチノセ', '東京都江戸川区1-19-33', NULL, NULL, '水木醸造株式会社', '1-1', '2023-04-15 14:41:56.113811', '2023-04-15 14:41:56.113811');
INSERT INTO "public2"."ph2_fields" VALUES (5, '明野', '明野', NULL, NULL, '株式会社GREENCOLLAR', '1-1', '2023-04-15 14:41:56.113811', '2023-04-15 14:41:56.113811');
INSERT INTO "public2"."ph2_fields" VALUES (4, '北杜AKB3', '北杜AKB', NULL, NULL, '株式会社GREENCOLLAR', '1-1', '2023-04-15 14:41:56.113811', '2023-04-15 14:41:56.113811');
INSERT INTO "public2"."ph2_fields" VALUES (8, 'サイドレス', '葡萄専心サイドレス', NULL, NULL, '株式会社GREENCOLLAR', '1-1', '2023-04-15 14:41:56.113811', '2023-04-15 14:41:56.113811');
INSERT INTO "public2"."ph2_fields" VALUES (2, '北杜AKB1', '北杜AKB', NULL, NULL, '平野株式会社', '1-1', '2023-04-15 14:41:56.113811', '2023-04-15 14:41:56.113811');
INSERT INTO "public2"."ph2_fields" VALUES (6, 'kofu', '甲府', NULL, NULL, '福田コンサルタント株式会社', '1-1', '2023-04-15 14:41:56.113811', '2023-04-15 14:41:56.113811');
INSERT INTO "public2"."ph2_fields" VALUES (7, 'nirasaki', '韮崎', NULL, NULL, '安藤株式会社', '1-1', '2023-04-15 14:41:56.113811', '2023-04-15 14:41:56.113811');
INSERT INTO "public2"."ph2_fields" VALUES (9, 'NZ', 'NZ', NULL, NULL, '湊株式会社', '9-1', '2023-04-15 14:41:56.113811', '2023-04-15 14:41:56.113811');
INSERT INTO "public2"."ph2_fields" VALUES (12, 'MBSDTEST', 'mbsd', NULL, NULL, '瑛太製薬株式会社', '1-1', '2023-04-15 14:41:56.113811', '2023-04-15 14:41:56.113811');
INSERT INTO "public2"."ph2_fields" VALUES (3, 'Debug', '和歌山', NULL, NULL, '大和食品株式会社', '1-1', '2023-04-15 14:41:56.113811', '2023-04-15 14:41:56.113811');

-- ----------------------------
-- Table structure for ph2_model_master
-- ----------------------------
DROP TABLE IF EXISTS "public2"."ph2_model_master";
CREATE TABLE "public2"."ph2_model_master" (
  "id" int4 NOT NULL,
  "name" varchar(64) COLLATE "pg_catalog"."default" NOT NULL,
  "display_order" int2 NOT NULL,
  "created_at" timestamp(6) NOT NULL DEFAULT CURRENT_TIMESTAMP,
  "updated_at" timestamp(6) NOT NULL DEFAULT CURRENT_TIMESTAMP
)
;
COMMENT ON COLUMN "public2"."ph2_model_master"."id" IS 'モデル番号';
COMMENT ON COLUMN "public2"."ph2_model_master"."name" IS 'モデル名';
COMMENT ON COLUMN "public2"."ph2_model_master"."display_order" IS '表示順位';

-- ----------------------------
-- Records of ph2_model_master
-- ----------------------------
INSERT INTO "public2"."ph2_model_master" VALUES (1, '生育ステージ', 1, '2023-04-10 10:38:39', '2023-04-10 10:38:45');
INSERT INTO "public2"."ph2_model_master" VALUES (2, '葉面積', 2, '2023-04-10 10:40:35', '2023-04-10 10:40:39');
INSERT INTO "public2"."ph2_model_master" VALUES (3, '光合成量', 3, '2023-04-10 10:41:38', '2023-04-10 10:41:43');
INSERT INTO "public2"."ph2_model_master" VALUES (4, '着果量/着果負担
', 4, '2023-04-10 10:42:34', '2023-04-10 10:42:39');

-- ----------------------------
-- Table structure for ph2_paramset_catalog
-- ----------------------------
DROP TABLE IF EXISTS "public2"."ph2_paramset_catalog";
CREATE TABLE "public2"."ph2_paramset_catalog" (
  "id" int8 NOT NULL DEFAULT nextval('ph2_paramset_catalog_seq'::regclass),
  "name" varchar(128) COLLATE "pg_catalog"."default" NOT NULL,
  "default_flag" bool,
  "model_id" int4,
  "created_at" timestamp(6) NOT NULL DEFAULT CURRENT_TIMESTAMP,
  "updated_at" timestamp(6) NOT NULL DEFAULT CURRENT_TIMESTAMP
)
;
COMMENT ON COLUMN "public2"."ph2_paramset_catalog"."id" IS 'パラメータセット番号';
COMMENT ON COLUMN "public2"."ph2_paramset_catalog"."name" IS 'パラメータセット名';
COMMENT ON COLUMN "public2"."ph2_paramset_catalog"."default_flag" IS '現在のパラメータ指定の真偽値';
COMMENT ON COLUMN "public2"."ph2_paramset_catalog"."model_id" IS 'このパラメータセットが属するモデル';

-- ----------------------------
-- Records of ph2_paramset_catalog
-- ----------------------------
INSERT INTO "public2"."ph2_paramset_catalog" VALUES (1, '2023年度生育ステージ推定モデル式', 't', 1, '2023-04-13 06:51:38.299346', '2023-04-13 06:51:38.299346');
INSERT INTO "public2"."ph2_paramset_catalog" VALUES (2, '2023年度葉面積推定モデル式', 't', 2, '2023-04-13 06:51:38.299346', '2023-04-13 06:51:38.299346');
INSERT INTO "public2"."ph2_paramset_catalog" VALUES (3, '2023年度光合成量推定モデル式', 't', 3, '2023-04-13 06:51:38.299346', '2023-04-13 06:51:38.299346');
INSERT INTO "public2"."ph2_paramset_catalog" VALUES (4, '2023年度着果量/着果負担推定モデル式', 't', 4, '2023-04-13 06:51:38.299346', '2023-04-13 06:51:38.299346');

-- ----------------------------
-- Table structure for ph2_paramset_fruit_field
-- ----------------------------
DROP TABLE IF EXISTS "public2"."ph2_paramset_fruit_field";
CREATE TABLE "public2"."ph2_paramset_fruit_field" (
  "paramset_id" int8 NOT NULL,
  "value_f" float8 NOT NULL,
  "value_g" float8 NOT NULL,
  "created_at" timestamp(6) NOT NULL DEFAULT CURRENT_TIMESTAMP,
  "updated_at" timestamp(6) NOT NULL DEFAULT CURRENT_TIMESTAMP
)
;
COMMENT ON COLUMN "public2"."ph2_paramset_fruit_field"."paramset_id" IS 'このパラメータセットが所属するカタログID';
COMMENT ON COLUMN "public2"."ph2_paramset_fruit_field"."value_f" IS 'f値	
';
COMMENT ON COLUMN "public2"."ph2_paramset_fruit_field"."value_g" IS 'g値';
COMMENT ON COLUMN "public2"."ph2_paramset_fruit_field"."created_at" IS '作成日';
COMMENT ON COLUMN "public2"."ph2_paramset_fruit_field"."updated_at" IS '更新日';

-- ----------------------------
-- Records of ph2_paramset_fruit_field
-- ----------------------------
INSERT INTO "public2"."ph2_paramset_fruit_field" VALUES (4, 1.2, 1.1, '2023-04-13 22:25:27', '2023-04-13 22:25:30');

-- ----------------------------
-- Table structure for ph2_paramset_fruit_weibull
-- ----------------------------
DROP TABLE IF EXISTS "public2"."ph2_paramset_fruit_weibull";
CREATE TABLE "public2"."ph2_paramset_fruit_weibull" (
  "paramset_id" int8 NOT NULL,
  "value_a" float8 NOT NULL,
  "value_b" float8 NOT NULL,
  "value_l" float8 NOT NULL,
  "created_at" timetz(6) NOT NULL,
  "updated_at" timetz(6) NOT NULL
)
;
COMMENT ON COLUMN "public2"."ph2_paramset_fruit_weibull"."paramset_id" IS 'このパラメータセットが所属するカタログID';
COMMENT ON COLUMN "public2"."ph2_paramset_fruit_weibull"."value_a" IS 'α値';
COMMENT ON COLUMN "public2"."ph2_paramset_fruit_weibull"."value_b" IS 'β値';
COMMENT ON COLUMN "public2"."ph2_paramset_fruit_weibull"."value_l" IS 'λ値';
COMMENT ON COLUMN "public2"."ph2_paramset_fruit_weibull"."created_at" IS '作成日';
COMMENT ON COLUMN "public2"."ph2_paramset_fruit_weibull"."updated_at" IS '更新日';

-- ----------------------------
-- Records of ph2_paramset_fruit_weibull
-- ----------------------------
INSERT INTO "public2"."ph2_paramset_fruit_weibull" VALUES (4, 2, 1, 3, '22:26:02+09', '22:26:04+09');

-- ----------------------------
-- Table structure for ph2_paramset_growth
-- ----------------------------
DROP TABLE IF EXISTS "public2"."ph2_paramset_growth";
CREATE TABLE "public2"."ph2_paramset_growth" (
  "paramset_id" int8 NOT NULL,
  "before__d" float8 NOT NULL,
  "before_e" float8 NOT NULL,
  "after__d" float8 NOT NULL,
  "after_e" float8 NOT NULL,
  "created_at" timestamp(6) NOT NULL DEFAULT CURRENT_TIMESTAMP,
  "updated_at" timestamp(6) NOT NULL DEFAULT CURRENT_TIMESTAMP
)
;
COMMENT ON COLUMN "public2"."ph2_paramset_growth"."paramset_id" IS 'このパラメータセットが所属するカタログID';
COMMENT ON COLUMN "public2"."ph2_paramset_growth"."before__d" IS '萌芽前d値';
COMMENT ON COLUMN "public2"."ph2_paramset_growth"."before_e" IS '萌芽前e値';
COMMENT ON COLUMN "public2"."ph2_paramset_growth"."after__d" IS '萌芽後d値';
COMMENT ON COLUMN "public2"."ph2_paramset_growth"."after_e" IS '萌芽後e値';
COMMENT ON COLUMN "public2"."ph2_paramset_growth"."created_at" IS '作成日';
COMMENT ON COLUMN "public2"."ph2_paramset_growth"."updated_at" IS '更新日';

-- ----------------------------
-- Records of ph2_paramset_growth
-- ----------------------------
INSERT INTO "public2"."ph2_paramset_growth" VALUES (1, -1, 10.1, -0.5, 4, '2023-04-13 16:06:29', '2023-04-13 16:06:32');

-- ----------------------------
-- Table structure for ph2_paramset_history
-- ----------------------------
DROP TABLE IF EXISTS "public2"."ph2_paramset_history";
CREATE TABLE "public2"."ph2_paramset_history" (
  "paramset_id" int8 NOT NULL,
  "user_id" int8 NOT NULL,
  "comment" varchar(512) COLLATE "pg_catalog"."default",
  "latest" bool NOT NULL,
  "created_at" timestamp(6) NOT NULL DEFAULT CURRENT_TIMESTAMP,
  "updated_at" timestamp(6) NOT NULL DEFAULT CURRENT_TIMESTAMP
)
;
COMMENT ON COLUMN "public2"."ph2_paramset_history"."paramset_id" IS 'パラメータセットID';
COMMENT ON COLUMN "public2"."ph2_paramset_history"."user_id" IS '編集したユーザーのID';
COMMENT ON COLUMN "public2"."ph2_paramset_history"."comment" IS '説明';
COMMENT ON COLUMN "public2"."ph2_paramset_history"."created_at" IS '作成日';
COMMENT ON COLUMN "public2"."ph2_paramset_history"."updated_at" IS '更新日';

-- ----------------------------
-- Records of ph2_paramset_history
-- ----------------------------
INSERT INTO "public2"."ph2_paramset_history" VALUES (1, 4, '金融サービス業界', 'f', '2018-02-14 11:15:36', '2023-02-02 04:17:55');
INSERT INTO "public2"."ph2_paramset_history" VALUES (3, 2, 'エレクトロニクス産業', 'f', '2009-08-11 12:03:05', '2001-04-25 14:13:26');
INSERT INTO "public2"."ph2_paramset_history" VALUES (1, 2, 'Telecommunication industry', 'f', '2012-03-03 07:47:23', '2014-12-17 14:15:39');
INSERT INTO "public2"."ph2_paramset_history" VALUES (1, 2, 'Information technology industry', 'f', '2010-06-03 04:50:23', '2017-07-26 17:39:20');
INSERT INTO "public2"."ph2_paramset_history" VALUES (2, 2, '不動産業界', 'f', '2014-02-15 01:57:52', '2013-05-07 08:45:48');
INSERT INTO "public2"."ph2_paramset_history" VALUES (3, 3, 'エレクトロニクス産業', 'f', '2012-01-26 12:14:26', '2013-08-30 15:03:00');
INSERT INTO "public2"."ph2_paramset_history" VALUES (3, 4, 'Electronics industry', 'f', '2013-03-13 00:42:53', '2012-12-20 00:51:21');
INSERT INTO "public2"."ph2_paramset_history" VALUES (1, 1, '不動産業界', 'f', '2009-06-03 09:54:06', '2006-04-22 08:47:59');
INSERT INTO "public2"."ph2_paramset_history" VALUES (1, 4, '物流業界', 't', '2023-04-11 16:58:08', '2023-04-11 16:58:13');
INSERT INTO "public2"."ph2_paramset_history" VALUES (2, 2, 'Consulting industry', 't', '2023-04-11 16:58:18', '2023-04-11 16:58:23');
INSERT INTO "public2"."ph2_paramset_history" VALUES (3, 1, 'Industrial industry', 't', '2023-04-11 16:58:29', '2023-04-11 16:58:35');
INSERT INTO "public2"."ph2_paramset_history" VALUES (4, 2, '金融サービス業界', 't', '2023-04-11 16:58:42', '2023-04-11 16:58:47');

-- ----------------------------
-- Table structure for ph2_paramset_leaf_area
-- ----------------------------
DROP TABLE IF EXISTS "public2"."ph2_paramset_leaf_area";
CREATE TABLE "public2"."ph2_paramset_leaf_area" (
  "paramset_id" int8 NOT NULL,
  "value_a" float8 NOT NULL,
  "value_b" float8 NOT NULL,
  "value_c" float8 NOT NULL,
  "created_at" timestamp(6) NOT NULL DEFAULT CURRENT_TIMESTAMP,
  "updated_at" timestamp(6) NOT NULL DEFAULT CURRENT_TIMESTAMP
)
;
COMMENT ON COLUMN "public2"."ph2_paramset_leaf_area"."paramset_id" IS 'このパラメータセットが所属するカタログID';
COMMENT ON COLUMN "public2"."ph2_paramset_leaf_area"."value_a" IS 'a値	
';
COMMENT ON COLUMN "public2"."ph2_paramset_leaf_area"."value_b" IS 'b値';
COMMENT ON COLUMN "public2"."ph2_paramset_leaf_area"."value_c" IS 'c値';
COMMENT ON COLUMN "public2"."ph2_paramset_leaf_area"."created_at" IS '作成日';
COMMENT ON COLUMN "public2"."ph2_paramset_leaf_area"."updated_at" IS '更新日';

-- ----------------------------
-- Records of ph2_paramset_leaf_area
-- ----------------------------
INSERT INTO "public2"."ph2_paramset_leaf_area" VALUES (2, 0.91, 500.1, 0.0021, '2023-04-13 18:15:21', '2023-04-13 18:15:24');

-- ----------------------------
-- Table structure for ph2_paramset_leaf_count
-- ----------------------------
DROP TABLE IF EXISTS "public2"."ph2_paramset_leaf_count";
CREATE TABLE "public2"."ph2_paramset_leaf_count" (
  "paramset_id" int8 NOT NULL,
  "value_c" float8 NOT NULL,
  "value_d" float8 NOT NULL,
  "created_at" timestamp(6) NOT NULL DEFAULT CURRENT_TIMESTAMP,
  "updated_at" timestamp(6) NOT NULL DEFAULT CURRENT_TIMESTAMP
)
;
COMMENT ON COLUMN "public2"."ph2_paramset_leaf_count"."paramset_id" IS 'このパラメータセットが所属するカタログID';
COMMENT ON COLUMN "public2"."ph2_paramset_leaf_count"."value_c" IS 'c値	
';
COMMENT ON COLUMN "public2"."ph2_paramset_leaf_count"."value_d" IS 'd値';
COMMENT ON COLUMN "public2"."ph2_paramset_leaf_count"."created_at" IS '作成日';
COMMENT ON COLUMN "public2"."ph2_paramset_leaf_count"."updated_at" IS '更新日';

-- ----------------------------
-- Records of ph2_paramset_leaf_count
-- ----------------------------
INSERT INTO "public2"."ph2_paramset_leaf_count" VALUES (2, 0.0431, 0.39461, '2023-04-13 18:16:23', '2023-04-13 18:16:26');

-- ----------------------------
-- Table structure for ph2_paramset_ps_field
-- ----------------------------
DROP TABLE IF EXISTS "public2"."ph2_paramset_ps_field";
CREATE TABLE "public2"."ph2_paramset_ps_field" (
  "paramset_id" int8 NOT NULL,
  "value_f" float8 NOT NULL,
  "value_g" float8 NOT NULL,
  "created_at" timestamp(6) NOT NULL DEFAULT CURRENT_TIMESTAMP,
  "updated_at" timestamp(6) NOT NULL DEFAULT CURRENT_TIMESTAMP
)
;
COMMENT ON COLUMN "public2"."ph2_paramset_ps_field"."paramset_id" IS 'このパラメータセットが所属するカタログID';
COMMENT ON COLUMN "public2"."ph2_paramset_ps_field"."value_f" IS 'f値	
';
COMMENT ON COLUMN "public2"."ph2_paramset_ps_field"."value_g" IS 'g値';
COMMENT ON COLUMN "public2"."ph2_paramset_ps_field"."created_at" IS '作成日';
COMMENT ON COLUMN "public2"."ph2_paramset_ps_field"."updated_at" IS '更新日';

-- ----------------------------
-- Records of ph2_paramset_ps_field
-- ----------------------------
INSERT INTO "public2"."ph2_paramset_ps_field" VALUES (3, 0.81, -0.0011, '2023-04-13 21:40:20', '2023-04-13 21:40:23');
INSERT INTO "public2"."ph2_paramset_ps_field" VALUES (13, 1, 2, '2023-04-13 21:50:06.241', '2023-04-13 21:57:50.046');

-- ----------------------------
-- Table structure for ph2_paramset_ps_weibull
-- ----------------------------
DROP TABLE IF EXISTS "public2"."ph2_paramset_ps_weibull";
CREATE TABLE "public2"."ph2_paramset_ps_weibull" (
  "paramset_id" int8 NOT NULL,
  "value_a" float8 NOT NULL,
  "value_b" float8 NOT NULL,
  "value_l" float8 NOT NULL,
  "created_at" timestamp(6) NOT NULL DEFAULT CURRENT_TIMESTAMP,
  "updated_at" timestamp(6) NOT NULL DEFAULT CURRENT_TIMESTAMP
)
;
COMMENT ON COLUMN "public2"."ph2_paramset_ps_weibull"."paramset_id" IS 'このパラメータセットが所属するカタログID';
COMMENT ON COLUMN "public2"."ph2_paramset_ps_weibull"."value_a" IS 'α値';
COMMENT ON COLUMN "public2"."ph2_paramset_ps_weibull"."value_b" IS 'β値';
COMMENT ON COLUMN "public2"."ph2_paramset_ps_weibull"."value_l" IS 'λ値';
COMMENT ON COLUMN "public2"."ph2_paramset_ps_weibull"."created_at" IS '作成日';
COMMENT ON COLUMN "public2"."ph2_paramset_ps_weibull"."updated_at" IS '更新日';

-- ----------------------------
-- Records of ph2_paramset_ps_weibull
-- ----------------------------
INSERT INTO "public2"."ph2_paramset_ps_weibull" VALUES (3, 0.1, 1, 0.8, '2023-04-13 21:42:37', '2023-04-13 21:42:40');

-- ----------------------------
-- Table structure for ph2_raw_data
-- ----------------------------
DROP TABLE IF EXISTS "public2"."ph2_raw_data";
CREATE TABLE "public2"."ph2_raw_data" (
  "sensor_id" int8 NOT NULL,
  "epoch_time" timestamp(6) NOT NULL,
  "channel1" int8 NOT NULL,
  "channel2" int8,
  "channel3" int8,
  "channel4" int8,
  "start_channel" int2 NOT NULL,
  "device_id" int8 NOT NULL
)
;
COMMENT ON COLUMN "public2"."ph2_raw_data"."sensor_id" IS '紐づくセンサーIDデバイスIDにも紐づけられる';
COMMENT ON COLUMN "public2"."ph2_raw_data"."epoch_time" IS '全てのチャンネルのデータが揃った時刻';

-- ----------------------------
-- Records of ph2_raw_data
-- ----------------------------

-- ----------------------------
-- Table structure for ph2_real_fruits_bearing
-- ----------------------------
DROP TABLE IF EXISTS "public2"."ph2_real_fruits_bearing";
CREATE TABLE "public2"."ph2_real_fruits_bearing" (
  "device_id" int8 NOT NULL,
  "year" int2 NOT NULL,
  "bearing" int2 NOT NULL,
  "amount" float8 NOT NULL,
  "area" float8 NOT NULL,
  "created_at" timestamp(6) NOT NULL DEFAULT CURRENT_TIMESTAMP,
  "updated_at" timestamp(6) NOT NULL DEFAULT CURRENT_TIMESTAMP
)
;
COMMENT ON COLUMN "public2"."ph2_real_fruits_bearing"."device_id" IS 'このパラメータセットが所属するデバイスID';
COMMENT ON COLUMN "public2"."ph2_real_fruits_bearing"."year" IS '対象年度';
COMMENT ON COLUMN "public2"."ph2_real_fruits_bearing"."bearing" IS '着果負担';
COMMENT ON COLUMN "public2"."ph2_real_fruits_bearing"."amount" IS '積算推定樹冠光合成量あたりの着果量';
COMMENT ON COLUMN "public2"."ph2_real_fruits_bearing"."area" IS '実測着果数/樹冠葉面積';
COMMENT ON COLUMN "public2"."ph2_real_fruits_bearing"."created_at" IS '作成日';
COMMENT ON COLUMN "public2"."ph2_real_fruits_bearing"."updated_at" IS '更新日';

-- ----------------------------
-- Records of ph2_real_fruits_bearing
-- ----------------------------
INSERT INTO "public2"."ph2_real_fruits_bearing" VALUES (4, 2022, 100, 99, 121, '2023-04-16 17:35:10', '2023-04-16 17:35:13');

-- ----------------------------
-- Table structure for ph2_real_fruits_data
-- ----------------------------
DROP TABLE IF EXISTS "public2"."ph2_real_fruits_data";
CREATE TABLE "public2"."ph2_real_fruits_data" (
  "device_id" int8 NOT NULL,
  "event_id" int2 NOT NULL,
  "target_date" date NOT NULL,
  "average" float4 NOT NULL,
  "count" int4 NOT NULL,
  "year" int2,
  "created_at" timestamp(6) NOT NULL DEFAULT CURRENT_TIMESTAMP,
  "updated_at" timestamp(6) NOT NULL DEFAULT CURRENT_TIMESTAMP
)
;
COMMENT ON COLUMN "public2"."ph2_real_fruits_data"."device_id" IS 'このパラメータセットが所属するデバイスID';
COMMENT ON COLUMN "public2"."ph2_real_fruits_data"."event_id" IS 'イベントID(1～3)';
COMMENT ON COLUMN "public2"."ph2_real_fruits_data"."target_date" IS '実測日';
COMMENT ON COLUMN "public2"."ph2_real_fruits_data"."average" IS '平均房重';
COMMENT ON COLUMN "public2"."ph2_real_fruits_data"."count" IS '実測着果数';
COMMENT ON COLUMN "public2"."ph2_real_fruits_data"."created_at" IS '作成日';
COMMENT ON COLUMN "public2"."ph2_real_fruits_data"."updated_at" IS '更新日';

-- ----------------------------
-- Records of ph2_real_fruits_data
-- ----------------------------
INSERT INTO "public2"."ph2_real_fruits_data" VALUES (4, 1, '2022-06-30', 200, 200, 2022, '2023-04-16 18:50:14.997', '2023-04-16 19:15:26.003');
INSERT INTO "public2"."ph2_real_fruits_data" VALUES (4, 2, '2022-09-20', 210, 210, 2022, '2023-04-16 18:50:14.997', '2023-04-16 19:19:40.711');
INSERT INTO "public2"."ph2_real_fruits_data" VALUES (4, 3, '2022-10-20', 210, 210, 2022, '2023-04-16 18:50:14.997', '2023-04-16 19:20:36.995');

-- ----------------------------
-- Table structure for ph2_real_growth_f_date
-- ----------------------------
DROP TABLE IF EXISTS "public2"."ph2_real_growth_f_date";
CREATE TABLE "public2"."ph2_real_growth_f_date" (
  "device_id" int8 NOT NULL,
  "value_f" float8 NOT NULL,
  "target_date" varchar(255) COLLATE "pg_catalog"."default" NOT NULL,
  "created_at" timestamp(6) DEFAULT CURRENT_TIMESTAMP,
  "updated_at" timestamp(6) DEFAULT CURRENT_TIMESTAMP
)
;
COMMENT ON COLUMN "public2"."ph2_real_growth_f_date"."device_id" IS 'このパラメータセットが所属するデバイスID';
COMMENT ON COLUMN "public2"."ph2_real_growth_f_date"."value_f" IS 'f値';
COMMENT ON COLUMN "public2"."ph2_real_growth_f_date"."target_date" IS '対象となる日付';

-- ----------------------------
-- Records of ph2_real_growth_f_date
-- ----------------------------
INSERT INTO "public2"."ph2_real_growth_f_date" VALUES (4, 11, '2022-10-01', '2022-10-01 15:30:37', '2023-04-09 15:30:54');

-- ----------------------------
-- Table structure for ph2_real_growth_f_stage
-- ----------------------------
DROP TABLE IF EXISTS "public2"."ph2_real_growth_f_stage";
CREATE TABLE "public2"."ph2_real_growth_f_stage" (
  "device_id" int8 NOT NULL,
  "target_date" varchar(255) COLLATE "pg_catalog"."default",
  "year" int2 NOT NULL,
  "stage_name" varchar(64) COLLATE "pg_catalog"."default" NOT NULL,
  "stage_start" int2 NOT NULL,
  "stage_end" int2 NOT NULL,
  "interval_f" float4 NOT NULL,
  "accumulated_f" float4 NOT NULL,
  "created_at" timestamp(6) NOT NULL DEFAULT CURRENT_TIMESTAMP,
  "updated_at" timestamp(6) NOT NULL DEFAULT CURRENT_TIMESTAMP
)
;
COMMENT ON COLUMN "public2"."ph2_real_growth_f_stage"."device_id" IS 'このパラメータセットが所属するデバイスID';
COMMENT ON COLUMN "public2"."ph2_real_growth_f_stage"."target_date" IS '実績日';
COMMENT ON COLUMN "public2"."ph2_real_growth_f_stage"."year" IS '年度';
COMMENT ON COLUMN "public2"."ph2_real_growth_f_stage"."stage_name" IS '生育期名';
COMMENT ON COLUMN "public2"."ph2_real_growth_f_stage"."stage_start" IS 'EL Stage開始番号';
COMMENT ON COLUMN "public2"."ph2_real_growth_f_stage"."stage_end" IS 'EL Stage終了番号';
COMMENT ON COLUMN "public2"."ph2_real_growth_f_stage"."interval_f" IS 'F値間隔';
COMMENT ON COLUMN "public2"."ph2_real_growth_f_stage"."accumulated_f" IS '累積F値';

-- ----------------------------
-- Records of ph2_real_growth_f_stage
-- ----------------------------
INSERT INTO "public2"."ph2_real_growth_f_stage" VALUES (4, '2022-03-01', 2022, '萌芽', 1, 4, 49, 49, '2023-04-15 16:41:51.636', '2023-04-15 16:41:51.636');
INSERT INTO "public2"."ph2_real_growth_f_stage" VALUES (4, '2022-10-10', 2022, '開花', 5, 9, 56, 105, '2023-04-15 16:41:51.638', '2023-04-15 16:41:51.638');

-- ----------------------------
-- Table structure for ph2_real_leaf_shoots_area
-- ----------------------------
DROP TABLE IF EXISTS "public2"."ph2_real_leaf_shoots_area";
CREATE TABLE "public2"."ph2_real_leaf_shoots_area" (
  "device_id" int8 NOT NULL,
  "target_date" date NOT NULL,
  "count" int4 NOT NULL,
  "average_area" float4 NOT NULL,
  "real_area" float8,
  "created_at" timestamp(6) NOT NULL DEFAULT CURRENT_TIMESTAMP,
  "updated_at" timestamp(6) NOT NULL DEFAULT CURRENT_TIMESTAMP
)
;
COMMENT ON COLUMN "public2"."ph2_real_leaf_shoots_area"."device_id" IS 'このパラメータセットが所属するデバイスID';
COMMENT ON COLUMN "public2"."ph2_real_leaf_shoots_area"."count" IS '新梢辺り葉枚数';
COMMENT ON COLUMN "public2"."ph2_real_leaf_shoots_area"."average_area" IS '平均個葉面積';
COMMENT ON COLUMN "public2"."ph2_real_leaf_shoots_area"."real_area" IS '実測新梢辺り葉面積';
COMMENT ON COLUMN "public2"."ph2_real_leaf_shoots_area"."created_at" IS '作成日';
COMMENT ON COLUMN "public2"."ph2_real_leaf_shoots_area"."updated_at" IS '更新日';

-- ----------------------------
-- Records of ph2_real_leaf_shoots_area
-- ----------------------------
INSERT INTO "public2"."ph2_real_leaf_shoots_area" VALUES (5, '2022-11-01', 100, 300, NULL, '2023-04-16 14:31:00.731', '2023-04-16 14:31:00.731');
INSERT INTO "public2"."ph2_real_leaf_shoots_area" VALUES (4, '2022-11-01', 250, 300, 75150000, '2023-04-16 14:23:57.382', '2023-04-16 14:40:57.051');

-- ----------------------------
-- Table structure for ph2_real_leaf_shoots_count
-- ----------------------------
DROP TABLE IF EXISTS "public2"."ph2_real_leaf_shoots_count";
CREATE TABLE "public2"."ph2_real_leaf_shoots_count" (
  "device_id" int8 NOT NULL,
  "target_date" date NOT NULL,
  "count" int4 NOT NULL,
  "created_at" timestamp(6) NOT NULL DEFAULT CURRENT_TIMESTAMP,
  "updated_at" timestamp(6) NOT NULL DEFAULT CURRENT_TIMESTAMP
)
;
COMMENT ON COLUMN "public2"."ph2_real_leaf_shoots_count"."device_id" IS 'このパラメータセットが所属するデバイスID';
COMMENT ON COLUMN "public2"."ph2_real_leaf_shoots_count"."target_date" IS '対象日';
COMMENT ON COLUMN "public2"."ph2_real_leaf_shoots_count"."count" IS '新梢数';
COMMENT ON COLUMN "public2"."ph2_real_leaf_shoots_count"."created_at" IS '作成日';
COMMENT ON COLUMN "public2"."ph2_real_leaf_shoots_count"."updated_at" IS '更新日';

-- ----------------------------
-- Records of ph2_real_leaf_shoots_count
-- ----------------------------
INSERT INTO "public2"."ph2_real_leaf_shoots_count" VALUES (4, '2022-11-01', 1002, '2023-04-16 10:19:01.284', '2023-04-16 14:12:56.684');
INSERT INTO "public2"."ph2_real_leaf_shoots_count" VALUES (4, '2022-11-21', 2000, '2023-04-16 14:13:16.535', '2023-04-16 14:13:16.535');
INSERT INTO "public2"."ph2_real_leaf_shoots_count" VALUES (5, '2022-11-21', 2000, '2023-04-16 14:16:15.815', '2023-04-16 14:16:15.815');

-- ----------------------------
-- Table structure for ph2_real_ps_amount
-- ----------------------------
DROP TABLE IF EXISTS "public2"."ph2_real_ps_amount";
CREATE TABLE "public2"."ph2_real_ps_amount" (
  "device_id" int8 NOT NULL,
  "value_f" float4 NOT NULL,
  "value_g" float4 NOT NULL,
  "created_at" timetz(6) NOT NULL,
  "updated_at" timetz(6) NOT NULL
)
;
COMMENT ON COLUMN "public2"."ph2_real_ps_amount"."device_id" IS 'このパラメータセットが所属するデバイスID';
COMMENT ON COLUMN "public2"."ph2_real_ps_amount"."value_f" IS 'F値';
COMMENT ON COLUMN "public2"."ph2_real_ps_amount"."value_g" IS 'G値';
COMMENT ON COLUMN "public2"."ph2_real_ps_amount"."created_at" IS '作成日';
COMMENT ON COLUMN "public2"."ph2_real_ps_amount"."updated_at" IS '更新日';

-- ----------------------------
-- Records of ph2_real_ps_amount
-- ----------------------------
INSERT INTO "public2"."ph2_real_ps_amount" VALUES (4, 1.1, 1.2, '19:30:53.663+09', '19:30:53.663+09');

-- ----------------------------
-- Table structure for ph2_rel_field_device
-- ----------------------------
DROP TABLE IF EXISTS "public2"."ph2_rel_field_device";
CREATE TABLE "public2"."ph2_rel_field_device" (
  "field_id" int8 NOT NULL,
  "device_id" int8 NOT NULL,
  "brand_id" int4 NOT NULL
)
;

-- ----------------------------
-- Records of ph2_rel_field_device
-- ----------------------------
INSERT INTO "public2"."ph2_rel_field_device" VALUES (12, 1093, 1);
INSERT INTO "public2"."ph2_rel_field_device" VALUES (1, 1099, 1);
INSERT INTO "public2"."ph2_rel_field_device" VALUES (2, 4, 1);
INSERT INTO "public2"."ph2_rel_field_device" VALUES (3, 7, 1);
INSERT INTO "public2"."ph2_rel_field_device" VALUES (8, 31, 1);
INSERT INTO "public2"."ph2_rel_field_device" VALUES (1, 53, 1);
INSERT INTO "public2"."ph2_rel_field_device" VALUES (5, 30, 1);
INSERT INTO "public2"."ph2_rel_field_device" VALUES (9, 32, 1);
INSERT INTO "public2"."ph2_rel_field_device" VALUES (9, 33, 1);
INSERT INTO "public2"."ph2_rel_field_device" VALUES (6, 1091, 1);
INSERT INTO "public2"."ph2_rel_field_device" VALUES (3, 25, 1);
INSERT INTO "public2"."ph2_rel_field_device" VALUES (4, 29, 1);
INSERT INTO "public2"."ph2_rel_field_device" VALUES (3, 23, 1);
INSERT INTO "public2"."ph2_rel_field_device" VALUES (6, 26, 1);
INSERT INTO "public2"."ph2_rel_field_device" VALUES (7, 27, 1);
INSERT INTO "public2"."ph2_rel_field_device" VALUES (3, 24, 1);
INSERT INTO "public2"."ph2_rel_field_device" VALUES (3, 22, 1);
INSERT INTO "public2"."ph2_rel_field_device" VALUES (12, 1092, 1);
INSERT INTO "public2"."ph2_rel_field_device" VALUES (12, 1094, 1);
INSERT INTO "public2"."ph2_rel_field_device" VALUES (2, 1101, 1);
INSERT INTO "public2"."ph2_rel_field_device" VALUES (9, 34, 1);
INSERT INTO "public2"."ph2_rel_field_device" VALUES (4, 1100, 1);
INSERT INTO "public2"."ph2_rel_field_device" VALUES (12, 1087, 1);
INSERT INTO "public2"."ph2_rel_field_device" VALUES (1, 3, 1);
INSERT INTO "public2"."ph2_rel_field_device" VALUES (2, -1, 1);
INSERT INTO "public2"."ph2_rel_field_device" VALUES (2, -1, 1);
INSERT INTO "public2"."ph2_rel_field_device" VALUES (2, -1, 1);
INSERT INTO "public2"."ph2_rel_field_device" VALUES (2, -1, 1);
INSERT INTO "public2"."ph2_rel_field_device" VALUES (2, 1202, 1);

-- ----------------------------
-- Table structure for ph2_sensor_contents
-- ----------------------------
DROP TABLE IF EXISTS "public2"."ph2_sensor_contents";
CREATE TABLE "public2"."ph2_sensor_contents" (
  "id" int8 NOT NULL DEFAULT nextval('ph2_sensor_contents_id_seq'::regclass),
  "name" varchar COLLATE "pg_catalog"."default" NOT NULL,
  "channel_size" int4 NOT NULL,
  "code" varchar COLLATE "pg_catalog"."default" NOT NULL,
  "created_at" timestamp(6) NOT NULL DEFAULT CURRENT_TIMESTAMP,
  "updated_at" timestamp(6) NOT NULL DEFAULT CURRENT_TIMESTAMP
)
;

-- ----------------------------
-- Records of ph2_sensor_contents
-- ----------------------------
INSERT INTO "public2"."ph2_sensor_contents" VALUES (1, '温度', 1, 'temperature', '2023-04-10 18:01:25.691955', '2023-04-10 18:01:25.691955');
INSERT INTO "public2"."ph2_sensor_contents" VALUES (2, '湿度', 1, 'humidity', '2023-04-10 18:01:25.691955', '2023-04-10 18:01:25.691955');
INSERT INTO "public2"."ph2_sensor_contents" VALUES (3, '日射', 1, 'sunlight', '2023-04-10 18:01:25.691955', '2023-04-10 18:01:25.691955');
INSERT INTO "public2"."ph2_sensor_contents" VALUES (4, '樹液流', 4, 'sapflow', '2023-04-10 18:01:25.691955', '2023-04-10 18:01:25.691955');
INSERT INTO "public2"."ph2_sensor_contents" VALUES (5, 'デンドロ', 1, 'dendrometer', '2023-04-10 18:01:25.691955', '2023-04-10 18:01:25.691955');
INSERT INTO "public2"."ph2_sensor_contents" VALUES (6, '葉面濡れ', 1, 'leaf_wetness', '2023-04-10 18:01:25.691955', '2023-04-10 18:01:25.691955');
INSERT INTO "public2"."ph2_sensor_contents" VALUES (7, '土壌水分', 1, 'soil_water', '2023-04-10 18:01:25.691955', '2023-04-10 18:01:25.691955');
INSERT INTO "public2"."ph2_sensor_contents" VALUES (8, '土壌温度', 1, 'soil_temperature', '2023-04-10 18:01:25.691955', '2023-04-10 18:01:25.691955');

-- ----------------------------
-- Table structure for ph2_sensor_models
-- ----------------------------
DROP TABLE IF EXISTS "public2"."ph2_sensor_models";
CREATE TABLE "public2"."ph2_sensor_models" (
  "id" int8 NOT NULL DEFAULT nextval('sensor_models_id_seq'::regclass),
  "code" varchar COLLATE "pg_catalog"."default" NOT NULL,
  "created_at" timestamp(6) NOT NULL DEFAULT CURRENT_TIMESTAMP,
  "updated_at" timestamp(6) NOT NULL DEFAULT CURRENT_TIMESTAMP
)
;

-- ----------------------------
-- Records of ph2_sensor_models
-- ----------------------------
INSERT INTO "public2"."ph2_sensor_models" VALUES (1, 'HSHCAA106E', '0001-01-01 06:39:21.99594', '0001-01-01 06:39:21.99594');
INSERT INTO "public2"."ph2_sensor_models" VALUES (2, 'HSHCAA120B', '0001-01-01 06:39:22.00153', '0001-01-01 06:39:22.00153');
INSERT INTO "public2"."ph2_sensor_models" VALUES (3, 'HSHCAA114A', '0001-01-01 06:39:22.006511', '0001-01-01 06:39:22.006511');
INSERT INTO "public2"."ph2_sensor_models" VALUES (4, 'SP-110', '0001-01-01 06:39:22.0115', '0001-01-01 06:39:22.0115');
INSERT INTO "public2"."ph2_sensor_models" VALUES (5, 'MIJ-02LMS', '0001-01-01 06:39:22.016668', '0001-01-01 06:39:22.016668');
INSERT INTO "public2"."ph2_sensor_models" VALUES (6, 'PHYTOS-31', '0001-01-01 06:39:22.022005', '0001-01-01 06:39:22.022005');
INSERT INTO "public2"."ph2_sensor_models" VALUES (7, 'WATERMARK-200SS', '0001-01-01 06:39:22.027234', '0001-01-01 06:39:22.027234');
INSERT INTO "public2"."ph2_sensor_models" VALUES (34, 'SODIAL', '0001-01-01 07:57:53.90287', '0001-01-01 07:57:53.90287');

-- ----------------------------
-- Table structure for ph2_sensor_sizes
-- ----------------------------
DROP TABLE IF EXISTS "public2"."ph2_sensor_sizes";
CREATE TABLE "public2"."ph2_sensor_sizes" (
  "id" int8 NOT NULL DEFAULT nextval('ph2_sensor_sizes_id_seq'::regclass),
  "size" int4 NOT NULL,
  "dxd" float8 NOT NULL,
  "dxu" float8 NOT NULL,
  "dt" float8 NOT NULL,
  "rs" int4 NOT NULL,
  "created_at" timestamp(6) NOT NULL DEFAULT CURRENT_TIMESTAMP,
  "updated_at" timestamp(6) NOT NULL DEFAULT CURRENT_TIMESTAMP
)
;

-- ----------------------------
-- Records of ph2_sensor_sizes
-- ----------------------------
INSERT INTO "public2"."ph2_sensor_sizes" VALUES (1, 8, 0.014, 0.011, 0.03, 267, '0001-01-01 09:54:14.255831', '0001-01-01 09:54:14.255831');
INSERT INTO "public2"."ph2_sensor_sizes" VALUES (2, 10, 0.017, 0.0135, 0.035, 200, '0001-01-01 09:54:14.262327', '0001-01-01 09:54:14.262327');
INSERT INTO "public2"."ph2_sensor_sizes" VALUES (3, 15, 0.025, 0.02, 0.05, 160, '0001-01-01 09:54:14.267936', '0001-01-01 09:54:14.267936');
INSERT INTO "public2"."ph2_sensor_sizes" VALUES (4, 20, 0.033, 0.0265, 0.065, 126, '0001-01-01 09:54:14.274075', '0001-01-01 09:54:14.274075');
INSERT INTO "public2"."ph2_sensor_sizes" VALUES (5, 25, 0.041, 0.033, 0.08, 60, '0001-01-01 09:54:14.278914', '0001-01-01 09:54:14.278914');
INSERT INTO "public2"."ph2_sensor_sizes" VALUES (6, 30, 0.049, 0.0395, 0.095, 34, '0001-01-01 09:54:14.283927', '0001-01-01 09:54:14.283927');

-- ----------------------------
-- Table structure for ph2_sensors
-- ----------------------------
DROP TABLE IF EXISTS "public2"."ph2_sensors";
CREATE TABLE "public2"."ph2_sensors" (
  "id" int8 NOT NULL DEFAULT nextval('ph2_sensors_id2_seq'::regclass),
  "device_id" int8 NOT NULL,
  "channel" int4 NOT NULL,
  "sensor_size_id" int8 NOT NULL,
  "sensor_content_id" int8 NOT NULL,
  "plant" varchar COLLATE "pg_catalog"."default" NOT NULL,
  "kst" float8,
  "sm" float8,
  "lf" float8,
  "cb" float8,
  "sensor_model_id" int8,
  "name" varchar COLLATE "pg_catalog"."default",
  "created_at" timestamp(6) NOT NULL DEFAULT CURRENT_TIMESTAMP,
  "updated_at" timestamp(6) NOT NULL DEFAULT CURRENT_TIMESTAMP
)
;

-- ----------------------------
-- Records of ph2_sensors
-- ----------------------------
INSERT INTO "public2"."ph2_sensors" VALUES (94, 24, 5, 3, 4, '', 0.42, 1.5, 0.1, NULL, NULL, '樹液流2', '2023-04-10 18:05:19.038773', '2023-04-10 18:05:19.038773');
INSERT INTO "public2"."ph2_sensors" VALUES (95, 24, 9, 3, 4, '', 0.42, 1.5, 0.1, NULL, NULL, '樹液流3', '2023-04-10 18:05:19.038773', '2023-04-10 18:05:19.038773');
INSERT INTO "public2"."ph2_sensors" VALUES (134, 32, 5, 6, 4, '設置木', 0.42, 0.04, 0.4, NULL, NULL, '樹液流2', '2023-04-10 18:05:19.038773', '2023-04-10 18:05:19.038773');
INSERT INTO "public2"."ph2_sensors" VALUES (277, 1087, 2, 1, 1, '1', 1, NULL, 0.1, NULL, 3, 'テスト', '2023-04-10 18:05:19.038773', '2023-04-10 18:05:19.038773');
INSERT INTO "public2"."ph2_sensors" VALUES (82, 7, 9, 2, 4, 'みかん', 0.43, 0.01, 0.4, NULL, NULL, '樹液流3', '2023-04-10 18:05:19.038773', '2023-04-10 18:05:19.038773');
INSERT INTO "public2"."ph2_sensors" VALUES (2, 4, 1, 3, 4, 'ぶどう', 0.42, 3, 0, 0, NULL, '樹液流1', '2023-04-10 18:05:19.038773', '2023-04-10 18:05:19.038773');
INSERT INTO "public2"."ph2_sensors" VALUES (56, 4, 5, 3, 4, 'ぶどう', 0.42, 3, 0, 0, NULL, '樹液流2', '2023-04-10 18:05:19.038773', '2023-04-10 18:05:19.038773');
INSERT INTO "public2"."ph2_sensors" VALUES (57, 4, 9, 3, 4, 'ぶどう', 0.42, 3, 0, 0, NULL, '樹液流3', '2023-04-10 18:05:19.038773', '2023-04-10 18:05:19.038773');
INSERT INTO "public2"."ph2_sensors" VALUES (288, 1094, 1, 1, 2, '', NULL, NULL, 1, NULL, 3, '123456', '2023-04-10 18:05:19.038773', '2023-04-10 18:05:19.038773');
INSERT INTO "public2"."ph2_sensors" VALUES (289, 1094, 2, 1, 2, '', NULL, NULL, 1, NULL, 3, '442233', '2023-04-10 18:05:19.038773', '2023-04-10 18:05:19.038773');
INSERT INTO "public2"."ph2_sensors" VALUES (43, 3, 12, 6, 1, '設置木', NULL, NULL, NULL, NULL, 34, '土壌温度', '2023-04-10 18:05:19.038773', '2023-04-10 18:05:19.038773');
INSERT INTO "public2"."ph2_sensors" VALUES (79, 7, 13, 3, 1, '', 0.43, NULL, NULL, NULL, 3, '温度', '2023-04-10 18:05:19.038773', '2023-04-10 18:05:19.038773');
INSERT INTO "public2"."ph2_sensors" VALUES (80, 7, 14, 3, 2, '', 0.43, NULL, NULL, NULL, 3, '湿度', '2023-04-10 18:05:19.038773', '2023-04-10 18:05:19.038773');
INSERT INTO "public2"."ph2_sensors" VALUES (38, 3, 15, 6, 3, '設置木', NULL, NULL, NULL, NULL, 4, '日射', '2023-04-10 18:05:19.038773', '2023-04-10 18:05:19.038773');
INSERT INTO "public2"."ph2_sensors" VALUES (81, 7, 15, 3, 3, '', 0.43, NULL, NULL, NULL, 4, '日射', '2023-04-10 18:05:19.038773', '2023-04-10 18:05:19.038773');
INSERT INTO "public2"."ph2_sensors" VALUES (42, 3, 10, 6, 6, '設置木', NULL, NULL, NULL, NULL, 6, '葉面濡れ', '2023-04-10 18:05:19.038773', '2023-04-10 18:05:19.038773');
INSERT INTO "public2"."ph2_sensors" VALUES (44, 3, 13, 6, 1, '設置木', NULL, NULL, NULL, NULL, 3, '温度', '2023-04-10 18:05:19.038773', '2023-04-10 18:05:19.038773');
INSERT INTO "public2"."ph2_sensors" VALUES (46, 3, 14, 6, 2, '設置木', NULL, NULL, NULL, NULL, 3, '湿度', '2023-04-10 18:05:19.038773', '2023-04-10 18:05:19.038773');
INSERT INTO "public2"."ph2_sensors" VALUES (85, 22, 1, 2, 4, 'シャルドネ', 0.42, 0.01, NULL, NULL, NULL, '樹液流', '2023-04-10 18:05:19.038773', '2023-04-10 18:05:19.038773');
INSERT INTO "public2"."ph2_sensors" VALUES (77, 7, 1, 2, 4, 'みかん', 0.42, 0.01, 0.4, NULL, NULL, '樹液流1', '2023-04-10 18:05:19.038773', '2023-04-10 18:05:19.038773');
INSERT INTO "public2"."ph2_sensors" VALUES (78, 7, 5, 2, 4, 'みかん', 0.42, 0.01, 0.4, NULL, NULL, '樹液流2', '2023-04-10 18:05:19.038773', '2023-04-10 18:05:19.038773');
INSERT INTO "public2"."ph2_sensors" VALUES (326, 22, 5, 2, 4, '', NULL, 0.01, NULL, NULL, NULL, '樹液流', '2023-04-10 18:05:19.038773', '2023-04-10 18:05:19.038773');
INSERT INTO "public2"."ph2_sensors" VALUES (40, 3, 5, 6, 4, '設置木', 0.42, 0.04, 0.4, NULL, NULL, '樹液流２', '2023-04-10 18:05:19.038773', '2023-04-10 18:05:19.038773');
INSERT INTO "public2"."ph2_sensors" VALUES (58, 4, 13, 6, 1, 'ぶどう', 0.42, 3, 0, 0, 3, '温度', '2023-04-10 18:05:19.038773', '2023-04-10 18:05:19.038773');
INSERT INTO "public2"."ph2_sensors" VALUES (59, 4, 14, 6, 2, 'ぶどう', 0.42, 3, 0, 0, 3, '湿度', '2023-04-10 18:05:19.038773', '2023-04-10 18:05:19.038773');
INSERT INTO "public2"."ph2_sensors" VALUES (61, 4, 16, 6, 3, 'ぶどう', 0.42, 3, 0, 0, 4, '日射', '2023-04-10 18:05:19.038773', '2023-04-10 18:05:19.038773');
INSERT INTO "public2"."ph2_sensors" VALUES (91, 23, 5, 3, 4, '', 0.42, 15, 0.1, NULL, NULL, '樹液流2', '2023-04-10 18:05:19.038773', '2023-04-10 18:05:19.038773');
INSERT INTO "public2"."ph2_sensors" VALUES (90, 23, 1, 3, 4, '', 0.42, 15, 0.1, NULL, NULL, '樹液流1', '2023-04-10 18:05:19.038773', '2023-04-10 18:05:19.038773');
INSERT INTO "public2"."ph2_sensors" VALUES (92, 23, 9, 3, 4, '', 0.42, 15, 0.1, NULL, NULL, '樹液流3', '2023-04-10 18:05:19.038773', '2023-04-10 18:05:19.038773');
INSERT INTO "public2"."ph2_sensors" VALUES (93, 24, 1, 3, 4, '', 0.42, 1.5, 0.1, NULL, NULL, '樹液流1', '2023-04-10 18:05:19.038773', '2023-04-10 18:05:19.038773');
INSERT INTO "public2"."ph2_sensors" VALUES (147, 33, 12, 6, 8, '設置木', 0.42, 0.04, 0.4, NULL, 34, '土壌温度', '2023-04-10 18:05:19.038773', '2023-04-10 18:05:19.038773');
INSERT INTO "public2"."ph2_sensors" VALUES (293, 53, 5, 6, 4, '設置木', 0.42, 0.04, 0.4, NULL, NULL, '樹液流２', '2023-04-10 18:05:19.038773', '2023-04-10 18:05:19.038773');
INSERT INTO "public2"."ph2_sensors" VALUES (140, 32, 13, 6, 1, '設置木', 0.42, 0.04, 0.4, NULL, 3, '温度', '2023-04-10 18:05:19.038773', '2023-04-10 18:05:19.038773');
INSERT INTO "public2"."ph2_sensors" VALUES (114, 30, 9, 2, 5, 'ぶどう', 0.42, 0.015, 0, NULL, 5, 'デンドロ', '2023-04-10 18:05:19.038773', '2023-04-10 18:05:19.038773');
INSERT INTO "public2"."ph2_sensors" VALUES (136, 33, 1, 6, 4, '設置木', 0.42, 0.04, 0.4, NULL, NULL, '樹液流1', '2023-04-10 18:05:19.038773', '2023-04-10 18:05:19.038773');
INSERT INTO "public2"."ph2_sensors" VALUES (96, 25, 1, 3, 4, 'Free', 1, 15, NULL, NULL, NULL, '樹液流1', '2023-04-10 18:05:19.038773', '2023-04-10 18:05:19.038773');
INSERT INTO "public2"."ph2_sensors" VALUES (137, 33, 5, 6, 4, '設置木', 0.42, 0.04, 0.4, NULL, NULL, '樹液流2', '2023-04-10 18:05:19.038773', '2023-04-10 18:05:19.038773');
INSERT INTO "public2"."ph2_sensors" VALUES (97, 25, 5, 3, 4, 'Free', 1, 15, NULL, NULL, NULL, '樹液流2', '2023-04-10 18:05:19.038773', '2023-04-10 18:05:19.038773');
INSERT INTO "public2"."ph2_sensors" VALUES (133, 32, 1, 6, 4, '設置木', 0.42, 0.04, 0.4, NULL, NULL, '樹液流1', '2023-04-10 18:05:19.038773', '2023-04-10 18:05:19.038773');
INSERT INTO "public2"."ph2_sensors" VALUES (105, 29, 9, 3, 5, '設置木', 0.42, 0.015, 0.2, NULL, 5, 'デンドロ', '2023-04-10 18:05:19.038773', '2023-04-10 18:05:19.038773');
INSERT INTO "public2"."ph2_sensors" VALUES (106, 29, 10, 3, 6, '設置木', 0.42, 0.015, 0.2, NULL, 6, '葉面濡れ', '2023-04-10 18:05:19.038773', '2023-04-10 18:05:19.038773');
INSERT INTO "public2"."ph2_sensors" VALUES (135, 32, 9, 6, 4, '設置木', 0.42, 0.04, 0.4, NULL, NULL, '樹液流3', '2023-04-10 18:05:19.038773', '2023-04-10 18:05:19.038773');
INSERT INTO "public2"."ph2_sensors" VALUES (290, 53, 1, 6, 4, '設置木', 0.42, 0.04, 0.4, NULL, NULL, '樹液流１', '2023-04-10 18:05:19.038773', '2023-04-10 18:05:19.038773');
INSERT INTO "public2"."ph2_sensors" VALUES (107, 29, 11, 1, 7, 'ぶどう', 0.42, 0.015, 0.2, NULL, 7, '土壌水分', '2023-04-10 18:05:19.038773', '2023-04-10 18:05:19.038773');
INSERT INTO "public2"."ph2_sensors" VALUES (141, 32, 14, 6, 2, '設置木', 0.42, 0.04, 0.4, NULL, 3, '湿度', '2023-04-10 18:05:19.038773', '2023-04-10 18:05:19.038773');
INSERT INTO "public2"."ph2_sensors" VALUES (130, 24, 13, 3, 1, '', 0.42, 1.5, 0.1, NULL, 3, '温度', '2023-04-10 18:05:19.038773', '2023-04-10 18:05:19.038773');
INSERT INTO "public2"."ph2_sensors" VALUES (138, 34, 1, 6, 4, '設置木', 0.42, 0.04, 0.4, NULL, NULL, '樹液流1', '2023-04-10 18:05:19.038773', '2023-04-10 18:05:19.038773');
INSERT INTO "public2"."ph2_sensors" VALUES (139, 34, 5, 6, 4, '設置木', 0.42, 0.04, 0.4, NULL, NULL, '樹液流2', '2023-04-10 18:05:19.038773', '2023-04-10 18:05:19.038773');
INSERT INTO "public2"."ph2_sensors" VALUES (294, 53, 9, 6, 5, '設置木', 0.42, 0, 0, NULL, 5, 'デンドロ', '2023-04-10 18:05:19.038773', '2023-04-10 18:05:19.038773');
INSERT INTO "public2"."ph2_sensors" VALUES (110, 29, 14, 3, 2, '設置木', 0.42, 0.015, 0.2, NULL, 3, '湿度', '2023-04-10 18:05:19.038773', '2023-04-10 18:05:19.038773');
INSERT INTO "public2"."ph2_sensors" VALUES (111, 29, 16, 3, 3, '設置木', 0.42, 0.015, 0.2, NULL, 4, '日射', '2023-04-10 18:05:19.038773', '2023-04-10 18:05:19.038773');
INSERT INTO "public2"."ph2_sensors" VALUES (143, 32, 16, 6, 3, '設置木', 0.42, 0.04, 0.4, NULL, 4, '日射', '2023-04-10 18:05:19.038773', '2023-04-10 18:05:19.038773');
INSERT INTO "public2"."ph2_sensors" VALUES (113, 30, 5, 2, 4, 'ぶどう', 0.42, 0.01, 0, NULL, NULL, '樹液流2', '2023-04-10 18:05:19.038773', '2023-04-10 18:05:19.038773');
INSERT INTO "public2"."ph2_sensors" VALUES (112, 30, 1, 2, 4, 'ぶどう', 0.42, 0.01, 0, NULL, NULL, '樹液流1', '2023-04-10 18:05:19.038773', '2023-04-10 18:05:19.038773');
INSERT INTO "public2"."ph2_sensors" VALUES (36, 3, 1, 6, 1, '設置', 0.42, 0.84, 0.4, NULL, 3, '温度', '2023-04-10 18:05:19.038773', '2023-04-10 18:05:19.038773');
INSERT INTO "public2"."ph2_sensors" VALUES (41, 3, 9, 6, 4, '設置木', NULL, NULL, NULL, NULL, NULL, '樹液流', '2023-04-10 18:05:19.038773', '2023-04-10 18:05:19.038773');
INSERT INTO "public2"."ph2_sensors" VALUES (144, 33, 9, 6, 5, '設置木', 0.42, 0.04, 0.4, NULL, 5, 'デンドロ', '2023-04-10 18:05:19.038773', '2023-04-10 18:05:19.038773');
INSERT INTO "public2"."ph2_sensors" VALUES (145, 33, 10, 6, 6, '設置木', 0.42, 0.04, 0.4, NULL, 6, '葉面濡れ', '2023-04-10 18:05:19.038773', '2023-04-10 18:05:19.038773');
INSERT INTO "public2"."ph2_sensors" VALUES (118, 30, 13, 2, 1, 'ぶどう', 0.42, 0.015, 0, NULL, 3, '温度', '2023-04-10 18:05:19.038773', '2023-04-10 18:05:19.038773');
INSERT INTO "public2"."ph2_sensors" VALUES (146, 33, 11, 6, 7, '設置木', 0.42, 0.04, 0.4, NULL, 7, '土壌水分', '2023-04-10 18:05:19.038773', '2023-04-10 18:05:19.038773');
INSERT INTO "public2"."ph2_sensors" VALUES (116, 30, 11, 2, 7, 'ぶどう', 0.42, 0.015, 0, NULL, 7, '土壌水分', '2023-04-10 18:05:19.038773', '2023-04-10 18:05:19.038773');
INSERT INTO "public2"."ph2_sensors" VALUES (120, 30, 16, 2, 3, 'ぶどう', 0.42, 0.015, 0, NULL, 4, '日射', '2023-04-10 18:05:19.038773', '2023-04-10 18:05:19.038773');
INSERT INTO "public2"."ph2_sensors" VALUES (125, 31, 14, 6, 2, '設置木', 0.42, 0.04, 0.4, NULL, 3, '湿度', '2023-04-10 18:05:19.038773', '2023-04-10 18:05:19.038773');
INSERT INTO "public2"."ph2_sensors" VALUES (126, 31, 16, 6, 3, '設置木', 0.42, 0.04, 0.4, NULL, 4, '日射', '2023-04-10 18:05:19.038773', '2023-04-10 18:05:19.038773');
INSERT INTO "public2"."ph2_sensors" VALUES (115, 30, 10, 2, 6, 'ぶどう', 0.42, 0.015, 0, NULL, 6, '葉面濡れ', '2023-04-10 18:05:19.038773', '2023-04-10 18:05:19.038773');
INSERT INTO "public2"."ph2_sensors" VALUES (119, 30, 14, 2, 2, 'ぶどう', 0.42, 0.015, 0, NULL, 3, '湿度', '2023-04-10 18:05:19.038773', '2023-04-10 18:05:19.038773');
INSERT INTO "public2"."ph2_sensors" VALUES (124, 31, 13, 6, 1, '設置木', 0.42, 0.04, 0.4, NULL, 3, '温度', '2023-04-10 18:05:19.038773', '2023-04-10 18:05:19.038773');
INSERT INTO "public2"."ph2_sensors" VALUES (148, 33, 13, 6, 1, '設置木', 0.42, 0.04, 0.4, NULL, 3, '温度', '2023-04-10 18:05:19.038773', '2023-04-10 18:05:19.038773');
INSERT INTO "public2"."ph2_sensors" VALUES (131, 24, 14, 3, 2, '', 0.42, 1.5, 0.1, NULL, 3, '湿度', '2023-04-10 18:05:19.038773', '2023-04-10 18:05:19.038773');
INSERT INTO "public2"."ph2_sensors" VALUES (149, 33, 14, 6, 2, '設置木', 0.42, 0.04, 0.4, NULL, 3, '湿度', '2023-04-10 18:05:19.038773', '2023-04-10 18:05:19.038773');
INSERT INTO "public2"."ph2_sensors" VALUES (132, 24, 15, 3, 3, '', 0.42, 1.5, 0.1, NULL, 4, '日射', '2023-04-10 18:05:19.038773', '2023-04-10 18:05:19.038773');
INSERT INTO "public2"."ph2_sensors" VALUES (127, 23, 13, 1, 1, '', 0.42, 15, 0.1, NULL, 3, '温度', '2023-04-10 18:05:19.038773', '2023-04-10 18:05:19.038773');
INSERT INTO "public2"."ph2_sensors" VALUES (128, 23, 14, 1, 2, '', 0.42, 0, 0.1, NULL, 3, '湿度', '2023-04-10 18:05:19.038773', '2023-04-10 18:05:19.038773');
INSERT INTO "public2"."ph2_sensors" VALUES (150, 33, 16, 6, 3, '設置木', 0.42, 0.04, 0.4, NULL, 4, '日射', '2023-04-10 18:05:19.038773', '2023-04-10 18:05:19.038773');
INSERT INTO "public2"."ph2_sensors" VALUES (129, 23, 15, 6, 3, '設置木', 0.42, 0, 0.1, NULL, 4, '日射', '2023-04-10 18:05:19.038773', '2023-04-10 18:05:19.038773');
INSERT INTO "public2"."ph2_sensors" VALUES (151, 34, 9, 6, 5, '設置木', 0.42, 0.04, 0.4, NULL, 5, 'デンドロ', '2023-04-10 18:05:19.038773', '2023-04-10 18:05:19.038773');
INSERT INTO "public2"."ph2_sensors" VALUES (101, 29, 1, 3, 4, 'ぶどう', 0.42, 0.015, 0.2, NULL, NULL, '樹液流1', '2023-04-10 18:05:19.038773', '2023-04-10 18:05:19.038773');
INSERT INTO "public2"."ph2_sensors" VALUES (152, 34, 10, 6, 6, '設置木', 0.42, 0.04, 0.4, NULL, 6, '葉面濡れ', '2023-04-10 18:05:19.038773', '2023-04-10 18:05:19.038773');
INSERT INTO "public2"."ph2_sensors" VALUES (298, 53, 12, 6, 8, '設置木', 0, 0, 0, NULL, 34, '土壌温度', '2023-04-10 18:05:19.038773', '2023-04-10 18:05:19.038773');
INSERT INTO "public2"."ph2_sensors" VALUES (153, 34, 11, 6, 7, '設置木', 0.42, 0.04, 0.4, NULL, 7, '土壌水分', '2023-04-10 18:05:19.038773', '2023-04-10 18:05:19.038773');
INSERT INTO "public2"."ph2_sensors" VALUES (155, 34, 13, 6, 1, '設置木', 0.42, 0.04, 0.4, NULL, 3, '温度', '2023-04-10 18:05:19.038773', '2023-04-10 18:05:19.038773');
INSERT INTO "public2"."ph2_sensors" VALUES (156, 34, 14, 6, 2, '設置木', 0.42, 0.04, 0.4, NULL, 3, '湿度', '2023-04-10 18:05:19.038773', '2023-04-10 18:05:19.038773');
INSERT INTO "public2"."ph2_sensors" VALUES (154, 34, 12, 6, 8, '設置木', 0.42, 0.04, 0.4, NULL, 34, '土壌温度', '2023-04-10 18:05:19.038773', '2023-04-10 18:05:19.038773');
INSERT INTO "public2"."ph2_sensors" VALUES (158, 34, 16, 6, 3, '設置木', 0.42, 0.04, 0.4, NULL, 4, '日射', '2023-04-10 18:05:19.038773', '2023-04-10 18:05:19.038773');
INSERT INTO "public2"."ph2_sensors" VALUES (295, 53, 10, 6, 6, '設置木', 0.42, 0, 0, NULL, 6, '葉面濡れ', '2023-04-10 18:05:19.038773', '2023-04-10 18:05:19.038773');
INSERT INTO "public2"."ph2_sensors" VALUES (321, 1101, 13, 6, 1, 'ぶどう', 0.42, 3, 0, NULL, 3, '温度', '2023-04-10 18:05:19.038773', '2023-04-10 18:05:19.038773');
INSERT INTO "public2"."ph2_sensors" VALUES (322, 1101, 14, 6, 2, 'ぶどう', 0.42, 3, 0, NULL, 3, '湿度', '2023-04-10 18:05:19.038773', '2023-04-10 18:05:19.038773');
INSERT INTO "public2"."ph2_sensors" VALUES (323, 1101, 16, 6, 3, 'ぶどう', 0.42, 3, 0, NULL, 4, '日射', '2023-04-10 18:05:19.038773', '2023-04-10 18:05:19.038773');
INSERT INTO "public2"."ph2_sensors" VALUES (328, 30, 12, 2, 8, 'ぶどう', 0.42, 0.015, 0, NULL, 34, '土壌温度', '2023-04-10 18:05:19.038773', '2023-04-10 18:05:19.038773');
INSERT INTO "public2"."ph2_sensors" VALUES (300, 53, 11, 6, 7, '設置木', 0, 0, 0, NULL, 7, '土壌水分', '2023-04-10 18:05:19.038773', '2023-04-10 18:05:19.038773');
INSERT INTO "public2"."ph2_sensors" VALUES (299, 53, 13, 6, 1, '設置木', 0, 0, 0, NULL, 3, '温度', '2023-04-10 18:05:19.038773', '2023-04-10 18:05:19.038773');
INSERT INTO "public2"."ph2_sensors" VALUES (304, 29, 13, 1, 1, '設置木', 0.42, 0.015, 0.2, NULL, 3, '温度', '2023-04-10 18:05:19.038773', '2023-04-10 18:05:19.038773');
INSERT INTO "public2"."ph2_sensors" VALUES (282, 1087, 1, 1, 2, '1', 1, 1, 0.1, NULL, 3, '湿度', '2023-04-10 18:05:19.038773', '2023-04-10 18:05:19.038773');
INSERT INTO "public2"."ph2_sensors" VALUES (161, 22, 15, 3, 3, '', NULL, NULL, NULL, NULL, 4, '日射', '2023-04-10 18:05:19.038773', '2023-04-10 18:05:19.038773');
INSERT INTO "public2"."ph2_sensors" VALUES (160, 22, 14, 3, 2, '', NULL, NULL, NULL, NULL, 3, '湿度', '2023-04-10 18:05:19.038773', '2023-04-10 18:05:19.038773');
INSERT INTO "public2"."ph2_sensors" VALUES (104, 29, 5, 3, 4, 'ぶどう', 0.42, 0.015, 0.2, NULL, NULL, '樹液流2', '2023-04-10 18:05:19.038773', '2023-04-10 18:05:19.038773');
INSERT INTO "public2"."ph2_sensors" VALUES (163, 25, 9, 3, 4, 'Free', 1, 15, NULL, NULL, NULL, '樹液流3', '2023-04-10 18:05:19.038773', '2023-04-10 18:05:19.038773');
INSERT INTO "public2"."ph2_sensors" VALUES (283, 1087, 3, 1, 4, '1', 1, 1, 0.1, NULL, NULL, '樹液流', '2023-04-10 18:05:19.038773', '2023-04-10 18:05:19.038773');
INSERT INTO "public2"."ph2_sensors" VALUES (284, 1087, 4, 1, 6, '1', 1, -0.1, 0.1, NULL, 6, '葉面濡れ', '2023-04-10 18:05:19.038773', '2023-04-10 18:05:19.038773');
INSERT INTO "public2"."ph2_sensors" VALUES (286, 1087, 5, 1, 7, '1', 1, -0.1, 0.1, NULL, 7, '土壌水分', '2023-04-10 18:05:19.038773', '2023-04-10 18:05:19.038773');
INSERT INTO "public2"."ph2_sensors" VALUES (287, 1093, 1, 1, 1, '', NULL, NULL, NULL, NULL, 3, '温度', '2023-04-10 18:05:19.038773', '2023-04-10 18:05:19.038773');
INSERT INTO "public2"."ph2_sensors" VALUES (301, 53, 14, 6, 2, '設置木', 0, 0, 0, NULL, 3, '湿度', '2023-04-10 18:05:19.038773', '2023-04-10 18:05:19.038773');
INSERT INTO "public2"."ph2_sensors" VALUES (121, 31, 1, 2, 4, '設置木', 0.42, 0.01, 0.4, NULL, NULL, '樹液流1', '2023-04-10 18:05:19.038773', '2023-04-10 18:05:19.038773');
INSERT INTO "public2"."ph2_sensors" VALUES (122, 31, 5, 2, 4, '設置木', 0.42, 0.01, 0.4, NULL, NULL, '樹液流2', '2023-04-10 18:05:19.038773', '2023-04-10 18:05:19.038773');
INSERT INTO "public2"."ph2_sensors" VALUES (123, 31, 9, 2, 4, '設置木', 0.42, 0.01, 0.4, NULL, NULL, '樹液流3', '2023-04-10 18:05:19.038773', '2023-04-10 18:05:19.038773');
INSERT INTO "public2"."ph2_sensors" VALUES (302, 53, 15, 6, 3, '設置木', 0, 0, 0, NULL, 4, '日射', '2023-04-10 18:05:19.038773', '2023-04-10 18:05:19.038773');
INSERT INTO "public2"."ph2_sensors" VALUES (316, 1101, 1, 2, 4, 'ぶどう', 0.42, 0.01, 0, NULL, NULL, '樹液流1', '2023-04-10 18:05:19.038773', '2023-04-10 18:05:19.038773');
INSERT INTO "public2"."ph2_sensors" VALUES (319, 1101, 5, 2, 4, 'ぶどう', 0.42, 0.01, 0, NULL, NULL, '樹液流2', '2023-04-10 18:05:19.038773', '2023-04-10 18:05:19.038773');
INSERT INTO "public2"."ph2_sensors" VALUES (320, 1101, 9, 2, 4, 'ぶどう', 0.42, 0.01, 0, NULL, NULL, '樹液流3', '2023-04-10 18:05:19.038773', '2023-04-10 18:05:19.038773');
INSERT INTO "public2"."ph2_sensors" VALUES (332, 22, 13, 3, 1, '', NULL, NULL, NULL, NULL, 3, '温度', '2023-04-10 18:05:19.038773', '2023-04-10 18:05:19.038773');
INSERT INTO "public2"."ph2_sensors" VALUES (333, 22, 8, 2, 4, '', NULL, NULL, NULL, NULL, NULL, '樹液流', '2023-04-10 18:05:19.038773', '2023-04-10 18:05:19.038773');
INSERT INTO "public2"."ph2_sensors" VALUES (45, 3, 11, 6, 7, '設置木', NULL, NULL, NULL, NULL, 7, '土壌水分', '2023-04-10 18:05:19.038773', '2023-04-10 18:05:19.038773');
INSERT INTO "public2"."ph2_sensors" VALUES (336, 1087, 6, 1, 3, '1', 1, -0.1, 0.1, NULL, 4, '日射', '2023-04-10 18:05:19.038773', '2023-04-10 18:05:19.038773');
INSERT INTO "public2"."ph2_sensors" VALUES (369, 3, 2, 6, 3, '設置木', NULL, NULL, NULL, NULL, 4, '日射', '2023-04-10 18:05:19.038773', '2023-04-10 18:05:19.038773');
INSERT INTO "public2"."ph2_sensors" VALUES (404, 1202, 16, 6, 3, 'シャインマスカット', NULL, 3, NULL, NULL, 4, '日射', '2023-04-10 18:05:19.038773', '2023-04-10 18:05:19.038773');
INSERT INTO "public2"."ph2_sensors" VALUES (405, 1202, 14, 6, 2, 'シャインマスカット', NULL, 3, NULL, NULL, 3, '湿度', '2023-04-10 18:05:19.038773', '2023-04-10 18:05:19.038773');
INSERT INTO "public2"."ph2_sensors" VALUES (406, 1202, 13, 6, 1, 'シャインマスカット', NULL, 3, NULL, NULL, 3, '温度', '2023-04-10 18:05:19.038773', '2023-04-10 18:05:19.038773');

-- ----------------------------
-- Table structure for ph2_temperature
-- ----------------------------
DROP TABLE IF EXISTS "public2"."ph2_temperature";
CREATE TABLE "public2"."ph2_temperature" (
  "device_id" int8 NOT NULL,
  "min" int2 NOT NULL,
  "max" int2 NOT NULL,
  "target_date" date NOT NULL,
  "created_at" timestamp(6) NOT NULL DEFAULT CURRENT_TIMESTAMP,
  "updated_at" timestamp(6) NOT NULL DEFAULT CURRENT_TIMESTAMP
)
;

-- ----------------------------
-- Records of ph2_temperature
-- ----------------------------

-- ----------------------------
-- Table structure for schema_migrations
-- ----------------------------
DROP TABLE IF EXISTS "public2"."schema_migrations";
CREATE TABLE "public2"."schema_migrations" (
  "version" varchar COLLATE "pg_catalog"."default" NOT NULL
)
;

-- ----------------------------
-- Records of schema_migrations
-- ----------------------------
INSERT INTO "public2"."schema_migrations" VALUES ('20220118053520');
INSERT INTO "public2"."schema_migrations" VALUES ('20220201073115');
INSERT INTO "public2"."schema_migrations" VALUES ('20220201073300');
INSERT INTO "public2"."schema_migrations" VALUES ('20220202050518');
INSERT INTO "public2"."schema_migrations" VALUES ('20220202050610');
INSERT INTO "public2"."schema_migrations" VALUES ('20220202051315');
INSERT INTO "public2"."schema_migrations" VALUES ('20220215061828');
INSERT INTO "public2"."schema_migrations" VALUES ('20220215062532');
INSERT INTO "public2"."schema_migrations" VALUES ('20220302050719');
INSERT INTO "public2"."schema_migrations" VALUES ('20220302051937');
INSERT INTO "public2"."schema_migrations" VALUES ('20220302070735');
INSERT INTO "public2"."schema_migrations" VALUES ('20220408073641');
INSERT INTO "public2"."schema_migrations" VALUES ('20220426064420');
INSERT INTO "public2"."schema_migrations" VALUES ('20220513012026');
INSERT INTO "public2"."schema_migrations" VALUES ('20220519050337');

-- ----------------------------
-- Table structure for sensor_contents_models
-- ----------------------------
DROP TABLE IF EXISTS "public2"."sensor_contents_models";
CREATE TABLE "public2"."sensor_contents_models" (
  "sensor_content_id" int8 NOT NULL,
  "sensor_model_id" int8 NOT NULL
)
;

-- ----------------------------
-- Records of sensor_contents_models
-- ----------------------------

-- ----------------------------
-- Table structure for sensor_deps
-- ----------------------------
DROP TABLE IF EXISTS "public2"."sensor_deps";
CREATE TABLE "public2"."sensor_deps" (
  "id" int8 NOT NULL DEFAULT nextval('sensor_deps_id_seq'::regclass),
  "sensor_id" int8 NOT NULL,
  "dep_id" int8 NOT NULL
)
;

-- ----------------------------
-- Records of sensor_deps
-- ----------------------------

-- ----------------------------
-- Table structure for users
-- ----------------------------
DROP TABLE IF EXISTS "public2"."users";
CREATE TABLE "public2"."users" (
  "id" int8 NOT NULL DEFAULT nextval('users_id_seq'::regclass),
  "username" varchar COLLATE "pg_catalog"."default" NOT NULL,
  "email" varchar COLLATE "pg_catalog"."default" NOT NULL,
  "password_digest" varchar COLLATE "pg_catalog"."default" NOT NULL,
  "created_at" timestamp(6) NOT NULL,
  "updated_at" timestamp(6) NOT NULL
)
;

-- ----------------------------
-- Records of users
-- ----------------------------
INSERT INTO "public2"."users" VALUES (1, '阮安娜', 'yueon@gmail.com', 'zqs8miE56b', '2008-05-13 21:47:54', '2014-12-07 22:41:23');
INSERT INTO "public2"."users" VALUES (2, '岡田大地', 'daichi4@outlook.com', '6ERbvicaFW', '2002-09-19 12:14:30', '2009-11-29 19:03:46');
INSERT INTO "public2"."users" VALUES (3, '三浦瑛太', 'miuraeita@icloud.com', 'YTNesyxqht', '2001-08-31 18:54:09', '2015-12-20 00:16:08');
INSERT INTO "public2"."users" VALUES (4, '阿部凛', 'abr1@outlook.com', 'kVhVSLOyEE', '2005-03-07 20:10:50', '2009-03-03 20:45:15');
INSERT INTO "public2"."users" VALUES (5, '福田優奈', 'fy9@gmail.com', '1TOzOvUdPQ', '2013-09-25 06:47:35', '2016-01-23 16:40:51');

-- ----------------------------
-- Alter sequences owned by
-- ----------------------------
ALTER SEQUENCE "public2"."dashboards_id_seq"
OWNED BY "public2"."dashboards"."id";
SELECT setval('"public2"."dashboards_id_seq"', 1, false);

-- ----------------------------
-- Alter sequences owned by
-- ----------------------------
ALTER SEQUENCE "public2"."devices_id_seq"
OWNED BY "public2"."ph2_devices"."id";
SELECT setval('"public2"."devices_id_seq"', 1, false);

-- ----------------------------
-- Alter sequences owned by
-- ----------------------------
ALTER SEQUENCE "public2"."fields_id_seq"
OWNED BY "public2"."fields"."id";
SELECT setval('"public2"."fields_id_seq"', 1, false);

-- ----------------------------
-- Alter sequences owned by
-- ----------------------------
ALTER SEQUENCE "public2"."messages_id_seq"
OWNED BY "public2"."messages"."id";
SELECT setval('"public2"."messages_id_seq"', 1, false);

-- ----------------------------
-- Alter sequences owned by
-- ----------------------------
ALTER SEQUENCE "public2"."ph2_devices_id2_seq"
OWNED BY "public2"."ph2_devices"."id";
SELECT setval('"public2"."ph2_devices_id2_seq"', 1202, true);

-- ----------------------------
-- Alter sequences owned by
-- ----------------------------
ALTER SEQUENCE "public2"."ph2_devices_id_seq"
OWNED BY "public2"."ph2_devices"."id";
SELECT setval('"public2"."ph2_devices_id_seq"', 4, true);

-- ----------------------------
-- Alter sequences owned by
-- ----------------------------
ALTER SEQUENCE "public2"."ph2_fields_id_seq"
OWNED BY "public2"."ph2_fields"."id";
SELECT setval('"public2"."ph2_fields_id_seq"', 14, false);

-- ----------------------------
-- Alter sequences owned by
-- ----------------------------
ALTER SEQUENCE "public2"."ph2_fields_seq"
OWNED BY "public2"."ph2_fields"."id";
SELECT setval('"public2"."ph2_fields_seq"', 14, true);

-- ----------------------------
-- Alter sequences owned by
-- ----------------------------
ALTER SEQUENCE "public2"."ph2_paramset_catalog_seq"
OWNED BY "public2"."ph2_paramset_catalog"."id";
SELECT setval('"public2"."ph2_paramset_catalog_seq"', 14, true);

-- ----------------------------
-- Alter sequences owned by
-- ----------------------------
ALTER SEQUENCE "public2"."ph2_sensor_contents_id_seq"
OWNED BY "public2"."ph2_sensor_contents"."id";
SELECT setval('"public2"."ph2_sensor_contents_id_seq"', 1, false);

-- ----------------------------
-- Alter sequences owned by
-- ----------------------------
ALTER SEQUENCE "public2"."ph2_sensor_sizes_id_seq"
OWNED BY "public2"."ph2_sensor_sizes"."id";
SELECT setval('"public2"."ph2_sensor_sizes_id_seq"', 1, false);

-- ----------------------------
-- Alter sequences owned by
-- ----------------------------
ALTER SEQUENCE "public2"."ph2_sensors_id2_seq"
OWNED BY "public2"."ph2_sensors"."id";
SELECT setval('"public2"."ph2_sensors_id2_seq"', 406, true);

-- ----------------------------
-- Alter sequences owned by
-- ----------------------------
ALTER SEQUENCE "public2"."ph2_sensors_id_seq"
OWNED BY "public2"."ph2_sensors"."id";
SELECT setval('"public2"."ph2_sensors_id_seq"', 1, false);

-- ----------------------------
-- Alter sequences owned by
-- ----------------------------
ALTER SEQUENCE "public2"."sensor_contents_id_seq"
OWNED BY "public2"."ph2_sensor_contents"."id";
SELECT setval('"public2"."sensor_contents_id_seq"', 1, false);

-- ----------------------------
-- Alter sequences owned by
-- ----------------------------
ALTER SEQUENCE "public2"."sensor_deps_id_seq"
OWNED BY "public2"."sensor_deps"."id";
SELECT setval('"public2"."sensor_deps_id_seq"', 1, false);

-- ----------------------------
-- Alter sequences owned by
-- ----------------------------
ALTER SEQUENCE "public2"."sensor_models_id_seq"
OWNED BY "public2"."ph2_sensor_models"."id";
SELECT setval('"public2"."sensor_models_id_seq"', 1, false);

-- ----------------------------
-- Alter sequences owned by
-- ----------------------------
ALTER SEQUENCE "public2"."sensor_sizes_id_seq"
OWNED BY "public2"."ph2_sensor_sizes"."id";
SELECT setval('"public2"."sensor_sizes_id_seq"', 1, false);

-- ----------------------------
-- Alter sequences owned by
-- ----------------------------
ALTER SEQUENCE "public2"."sensors_id_seq"
OWNED BY "public2"."ph2_sensors"."id";
SELECT setval('"public2"."sensors_id_seq"', 1, false);

-- ----------------------------
-- Alter sequences owned by
-- ----------------------------
ALTER SEQUENCE "public2"."users_id_seq"
OWNED BY "public2"."users"."id";
SELECT setval('"public2"."users_id_seq"', 1, false);

-- ----------------------------
-- Primary Key structure for table ar_internal_metadata
-- ----------------------------
ALTER TABLE "public2"."ar_internal_metadata" ADD CONSTRAINT "ar_internal_metadata_pkey" PRIMARY KEY ("key");

-- ----------------------------
-- Indexes structure for table dashboards
-- ----------------------------
CREATE INDEX "index_dashboards_on_user_id" ON "public2"."dashboards" USING btree (
  "user_id" "pg_catalog"."int8_ops" ASC NULLS LAST
);

-- ----------------------------
-- Primary Key structure for table dashboards
-- ----------------------------
ALTER TABLE "public2"."dashboards" ADD CONSTRAINT "dashboards_pkey" PRIMARY KEY ("id");

-- ----------------------------
-- Primary Key structure for table fields
-- ----------------------------
ALTER TABLE "public2"."fields" ADD CONSTRAINT "fields_pkey" PRIMARY KEY ("id");

-- ----------------------------
-- Indexes structure for table messages
-- ----------------------------
CREATE INDEX "index_messages_on_device_id" ON "public2"."messages" USING btree (
  "device_id" "pg_catalog"."int8_ops" ASC NULLS LAST
);

-- ----------------------------
-- Primary Key structure for table messages
-- ----------------------------
ALTER TABLE "public2"."messages" ADD CONSTRAINT "messages_pkey" PRIMARY KEY ("id");

-- ----------------------------
-- Primary Key structure for table ph2_brand_master
-- ----------------------------
ALTER TABLE "public2"."ph2_brand_master" ADD CONSTRAINT "brand_master_pkey" PRIMARY KEY ("id");

-- ----------------------------
-- Indexes structure for table ph2_default_paramset
-- ----------------------------
CREATE INDEX "index_on_ph2_default_paramset" ON "public2"."ph2_default_paramset" USING btree (
  "model_id" "pg_catalog"."int4_ops" ASC NULLS LAST
);

-- ----------------------------
-- Primary Key structure for table ph2_default_paramset
-- ----------------------------
ALTER TABLE "public2"."ph2_default_paramset" ADD CONSTRAINT "ph2_default_paramset_pkey" PRIMARY KEY ("entity");

-- ----------------------------
-- Primary Key structure for table ph2_devices
-- ----------------------------
ALTER TABLE "public2"."ph2_devices" ADD CONSTRAINT "devices_pkey" PRIMARY KEY ("id");

-- ----------------------------
-- Primary Key structure for table ph2_el_stage_master
-- ----------------------------
ALTER TABLE "public2"."ph2_el_stage_master" ADD CONSTRAINT "el_stage_master_pkey" PRIMARY KEY ("id");

-- ----------------------------
-- Primary Key structure for table ph2_fields
-- ----------------------------
ALTER TABLE "public2"."ph2_fields" ADD CONSTRAINT "ph2_fields_pkey" PRIMARY KEY ("id");

-- ----------------------------
-- Primary Key structure for table ph2_model_master
-- ----------------------------
ALTER TABLE "public2"."ph2_model_master" ADD CONSTRAINT "ph2_model_master_pkey" PRIMARY KEY ("id");

-- ----------------------------
-- Primary Key structure for table ph2_paramset_catalog
-- ----------------------------
ALTER TABLE "public2"."ph2_paramset_catalog" ADD CONSTRAINT "ph2_brand_master_copy1_pkey" PRIMARY KEY ("id");

-- ----------------------------
-- Indexes structure for table ph2_paramset_fruit_field
-- ----------------------------
CREATE INDEX "paramset_id_in_ph2_paramset_fruit_field" ON "public2"."ph2_paramset_fruit_field" USING btree (
  "paramset_id" "pg_catalog"."int8_ops" ASC NULLS LAST
);

-- ----------------------------
-- Primary Key structure for table ph2_paramset_fruit_field
-- ----------------------------
ALTER TABLE "public2"."ph2_paramset_fruit_field" ADD CONSTRAINT "ph2_paramset_fruit_field_pkey" PRIMARY KEY ("paramset_id");

-- ----------------------------
-- Indexes structure for table ph2_paramset_fruit_weibull
-- ----------------------------
CREATE INDEX "paramset_id_in_ph2_paramset_fruit_weibull" ON "public2"."ph2_paramset_fruit_weibull" USING btree (
  "paramset_id" "pg_catalog"."int8_ops" ASC NULLS LAST
);

-- ----------------------------
-- Primary Key structure for table ph2_paramset_fruit_weibull
-- ----------------------------
ALTER TABLE "public2"."ph2_paramset_fruit_weibull" ADD CONSTRAINT "ph2_paramset_fruit_weibull_pkey" PRIMARY KEY ("paramset_id");

-- ----------------------------
-- Indexes structure for table ph2_paramset_growth
-- ----------------------------
CREATE INDEX "ph2_paramset_leaf_area_on_paramsetId" ON "public2"."ph2_paramset_growth" USING btree (
  "paramset_id" "pg_catalog"."int8_ops" ASC NULLS LAST
);

-- ----------------------------
-- Primary Key structure for table ph2_paramset_growth
-- ----------------------------
ALTER TABLE "public2"."ph2_paramset_growth" ADD CONSTRAINT "ph2_paramset_growth_pkey" PRIMARY KEY ("paramset_id");

-- ----------------------------
-- Indexes structure for table ph2_paramset_history
-- ----------------------------
CREATE INDEX "latest_in_ph2_paramset_history" ON "public2"."ph2_paramset_history" USING btree (
  "latest" "pg_catalog"."bool_ops" ASC NULLS LAST
);
CREATE INDEX "ph2_paramset_history_on_paramsetId" ON "public2"."ph2_paramset_history" USING btree (
  "paramset_id" "pg_catalog"."int8_ops" ASC NULLS LAST
);

-- ----------------------------
-- Indexes structure for table ph2_paramset_leaf_area
-- ----------------------------
CREATE INDEX "pramset_id_in_ph2_paramset_leaf_area" ON "public2"."ph2_paramset_leaf_area" USING btree (
  "paramset_id" "pg_catalog"."int8_ops" ASC NULLS LAST
);

-- ----------------------------
-- Primary Key structure for table ph2_paramset_leaf_area
-- ----------------------------
ALTER TABLE "public2"."ph2_paramset_leaf_area" ADD CONSTRAINT "ph2_paramset_leaf_area_pkey" PRIMARY KEY ("paramset_id");

-- ----------------------------
-- Indexes structure for table ph2_paramset_leaf_count
-- ----------------------------
CREATE INDEX "paramset_id_of_ph2_paramset_leaf_count" ON "public2"."ph2_paramset_leaf_count" USING btree (
  "paramset_id" "pg_catalog"."int8_ops" ASC NULLS LAST
);

-- ----------------------------
-- Primary Key structure for table ph2_paramset_leaf_count
-- ----------------------------
ALTER TABLE "public2"."ph2_paramset_leaf_count" ADD CONSTRAINT "ph2_paramset_leaf_count_pkey" PRIMARY KEY ("paramset_id");

-- ----------------------------
-- Indexes structure for table ph2_paramset_ps_field
-- ----------------------------
CREATE INDEX "paramset_id_in_ph2_paramset_ps_field" ON "public2"."ph2_paramset_ps_field" USING btree (
  "paramset_id" "pg_catalog"."int8_ops" ASC NULLS LAST
);

-- ----------------------------
-- Primary Key structure for table ph2_paramset_ps_field
-- ----------------------------
ALTER TABLE "public2"."ph2_paramset_ps_field" ADD CONSTRAINT "ph2_paramset_ps_field_pkey" PRIMARY KEY ("paramset_id");

-- ----------------------------
-- Indexes structure for table ph2_paramset_ps_weibull
-- ----------------------------
CREATE INDEX "paramset_id_in_weibull" ON "public2"."ph2_paramset_ps_weibull" USING btree (
  "paramset_id" "pg_catalog"."int8_ops" ASC NULLS LAST
);

-- ----------------------------
-- Primary Key structure for table ph2_paramset_ps_weibull
-- ----------------------------
ALTER TABLE "public2"."ph2_paramset_ps_weibull" ADD CONSTRAINT "ph2_paramset_ps_weibull_pkey" PRIMARY KEY ("paramset_id");

-- ----------------------------
-- Indexes structure for table ph2_raw_data
-- ----------------------------
CREATE INDEX "decvice_id_onph2_raw_data" ON "public2"."ph2_raw_data" USING btree (
  "device_id" "pg_catalog"."int8_ops" ASC NULLS LAST
);
CREATE INDEX "epoch_tine_on_ph2_raw_data" ON "public2"."ph2_raw_data" USING btree (
  "epoch_time" "pg_catalog"."timestamp_ops" ASC NULLS LAST
);

-- ----------------------------
-- Primary Key structure for table ph2_raw_data
-- ----------------------------
ALTER TABLE "public2"."ph2_raw_data" ADD CONSTRAINT "ph2_raw_data1_pkey" PRIMARY KEY ("sensor_id");

-- ----------------------------
-- Indexes structure for table ph2_real_fruits_bearing
-- ----------------------------
CREATE INDEX "device_id_in_ph2_real_fruits_bearing" ON "public2"."ph2_real_fruits_bearing" USING btree (
  "device_id" "pg_catalog"."int8_ops" ASC NULLS LAST
);

-- ----------------------------
-- Primary Key structure for table ph2_real_fruits_bearing
-- ----------------------------
ALTER TABLE "public2"."ph2_real_fruits_bearing" ADD CONSTRAINT "ph2_real_fruits_bearing_pkey" PRIMARY KEY ("device_id");

-- ----------------------------
-- Indexes structure for table ph2_real_fruits_data
-- ----------------------------
CREATE INDEX "device_id_in_ph2_real_fruits_data" ON "public2"."ph2_real_fruits_data" USING btree (
  "device_id" "pg_catalog"."int8_ops" ASC NULLS LAST
);

-- ----------------------------
-- Indexes structure for table ph2_real_growth_f_date
-- ----------------------------
CREATE UNIQUE INDEX "index_on_ph2_real_growth_f_date" ON "public2"."ph2_real_growth_f_date" USING btree (
  "device_id" "pg_catalog"."int8_ops" ASC NULLS LAST,
  "target_date" COLLATE "pg_catalog"."default" "pg_catalog"."text_ops" ASC NULLS LAST
);

-- ----------------------------
-- Indexes structure for table ph2_real_growth_f_stage
-- ----------------------------
CREATE INDEX "index_on_ph2_real_growth_f_stage" ON "public2"."ph2_real_growth_f_stage" USING btree (
  "device_id" "pg_catalog"."int8_ops" ASC NULLS LAST
);

-- ----------------------------
-- Indexes structure for table ph2_real_leaf_shoots_area
-- ----------------------------
CREATE INDEX "device_id_in_ph2_real_leaf_shoots_area" ON "public2"."ph2_real_leaf_shoots_area" USING btree (
  "device_id" "pg_catalog"."int8_ops" ASC NULLS LAST
);
CREATE INDEX "target_date_in_ph2_real_leaf_shoots_area" ON "public2"."ph2_real_leaf_shoots_area" USING btree (
  "target_date" "pg_catalog"."date_ops" ASC NULLS LAST
);

-- ----------------------------
-- Indexes structure for table ph2_real_leaf_shoots_count
-- ----------------------------
CREATE INDEX "device_id_in_ph2_real_leaf_shoots_count" ON "public2"."ph2_real_leaf_shoots_count" USING btree (
  "device_id" "pg_catalog"."int8_ops" ASC NULLS LAST
);
CREATE INDEX "target_date_in_ph2_real_leaf_shoots_count" ON "public2"."ph2_real_leaf_shoots_count" USING btree (
  "target_date" "pg_catalog"."date_ops" ASC NULLS LAST
);

-- ----------------------------
-- Indexes structure for table ph2_real_ps_amount
-- ----------------------------
CREATE INDEX "device_id_in_ph2_real_ps_amount" ON "public2"."ph2_real_ps_amount" USING btree (
  "device_id" "pg_catalog"."int8_ops" ASC NULLS LAST
);

-- ----------------------------
-- Indexes structure for table ph2_rel_field_device
-- ----------------------------
CREATE INDEX "device_id_in_rel_field_device" ON "public2"."ph2_rel_field_device" USING btree (
  "device_id" "pg_catalog"."int8_ops" ASC NULLS LAST
);
CREATE INDEX "field_id_in_ph2_rel_field_device" ON "public2"."ph2_rel_field_device" USING btree (
  "field_id" "pg_catalog"."int8_ops" ASC NULLS LAST
);

-- ----------------------------
-- Primary Key structure for table ph2_sensor_contents
-- ----------------------------
ALTER TABLE "public2"."ph2_sensor_contents" ADD CONSTRAINT "sensor_contents_pkey" PRIMARY KEY ("id");

-- ----------------------------
-- Primary Key structure for table ph2_sensor_models
-- ----------------------------
ALTER TABLE "public2"."ph2_sensor_models" ADD CONSTRAINT "sensor_models_pkey" PRIMARY KEY ("id");

-- ----------------------------
-- Primary Key structure for table ph2_sensor_sizes
-- ----------------------------
ALTER TABLE "public2"."ph2_sensor_sizes" ADD CONSTRAINT "sensor_sizes_pkey" PRIMARY KEY ("id");

-- ----------------------------
-- Indexes structure for table ph2_sensors
-- ----------------------------
CREATE INDEX "index_sensors_on_device_id" ON "public2"."ph2_sensors" USING btree (
  "device_id" "pg_catalog"."int8_ops" ASC NULLS LAST
);
CREATE INDEX "index_sensors_on_sensor_content_id" ON "public2"."ph2_sensors" USING btree (
  "sensor_content_id" "pg_catalog"."int8_ops" ASC NULLS LAST
);
CREATE INDEX "index_sensors_on_sensor_model_id" ON "public2"."ph2_sensors" USING btree (
  "sensor_model_id" "pg_catalog"."int8_ops" ASC NULLS LAST
);
CREATE INDEX "index_sensors_on_sensor_size_id" ON "public2"."ph2_sensors" USING btree (
  "sensor_size_id" "pg_catalog"."int8_ops" ASC NULLS LAST
);

-- ----------------------------
-- Primary Key structure for table ph2_sensors
-- ----------------------------
ALTER TABLE "public2"."ph2_sensors" ADD CONSTRAINT "sensors_pkey" PRIMARY KEY ("id");

-- ----------------------------
-- Indexes structure for table ph2_temperature
-- ----------------------------
CREATE INDEX "index_on_ph2_temperature" ON "public2"."ph2_temperature" USING btree (
  "device_id" "pg_catalog"."int8_ops" ASC NULLS LAST
);

-- ----------------------------
-- Primary Key structure for table ph2_temperature
-- ----------------------------
ALTER TABLE "public2"."ph2_temperature" ADD CONSTRAINT "ph2_temperature_pkey" PRIMARY KEY ("device_id");

-- ----------------------------
-- Primary Key structure for table schema_migrations
-- ----------------------------
ALTER TABLE "public2"."schema_migrations" ADD CONSTRAINT "schema_migrations_pkey" PRIMARY KEY ("version");

-- ----------------------------
-- Indexes structure for table sensor_contents_models
-- ----------------------------
CREATE INDEX "index_sensor_contents_models_on_sensor_content_id" ON "public2"."sensor_contents_models" USING btree (
  "sensor_content_id" "pg_catalog"."int8_ops" ASC NULLS LAST
);
CREATE INDEX "index_sensor_contents_models_on_sensor_model_id" ON "public2"."sensor_contents_models" USING btree (
  "sensor_model_id" "pg_catalog"."int8_ops" ASC NULLS LAST
);

-- ----------------------------
-- Indexes structure for table sensor_deps
-- ----------------------------
CREATE INDEX "index_sensor_deps_on_dep_id" ON "public2"."sensor_deps" USING btree (
  "dep_id" "pg_catalog"."int8_ops" ASC NULLS LAST
);
CREATE INDEX "index_sensor_deps_on_sensor_id" ON "public2"."sensor_deps" USING btree (
  "sensor_id" "pg_catalog"."int8_ops" ASC NULLS LAST
);

-- ----------------------------
-- Primary Key structure for table sensor_deps
-- ----------------------------
ALTER TABLE "public2"."sensor_deps" ADD CONSTRAINT "sensor_deps_pkey" PRIMARY KEY ("id");

-- ----------------------------
-- Primary Key structure for table users
-- ----------------------------
ALTER TABLE "public2"."users" ADD CONSTRAINT "users_pkey" PRIMARY KEY ("id");

-- ----------------------------
-- Foreign Keys structure for table dashboards
-- ----------------------------
ALTER TABLE "public2"."dashboards" ADD CONSTRAINT "fk_rails_8cb1930a1d" FOREIGN KEY ("user_id") REFERENCES "public2"."users" ("id") ON DELETE NO ACTION ON UPDATE NO ACTION;

-- ----------------------------
-- Foreign Keys structure for table messages
-- ----------------------------
ALTER TABLE "public2"."messages" ADD CONSTRAINT "fk_rails_924d45496b" FOREIGN KEY ("device_id") REFERENCES "public2"."ph2_devices" ("id") ON DELETE NO ACTION ON UPDATE NO ACTION;

-- ----------------------------
-- Foreign Keys structure for table ph2_sensors
-- ----------------------------
ALTER TABLE "public2"."ph2_sensors" ADD CONSTRAINT "fk_rails_76c31c3d93" FOREIGN KEY ("sensor_content_id") REFERENCES "public2"."ph2_sensor_contents" ("id") ON DELETE NO ACTION ON UPDATE NO ACTION;
ALTER TABLE "public2"."ph2_sensors" ADD CONSTRAINT "fk_rails_92e56bf2fb" FOREIGN KEY ("device_id") REFERENCES "public2"."ph2_devices" ("id") ON DELETE NO ACTION ON UPDATE NO ACTION;
ALTER TABLE "public2"."ph2_sensors" ADD CONSTRAINT "fk_rails_a39885339e" FOREIGN KEY ("sensor_size_id") REFERENCES "public2"."ph2_sensor_sizes" ("id") ON DELETE NO ACTION ON UPDATE NO ACTION;
ALTER TABLE "public2"."ph2_sensors" ADD CONSTRAINT "fk_rails_cd16a62e8a" FOREIGN KEY ("sensor_model_id") REFERENCES "public2"."ph2_sensor_models" ("id") ON DELETE NO ACTION ON UPDATE NO ACTION;

-- ----------------------------
-- Foreign Keys structure for table sensor_deps
-- ----------------------------
ALTER TABLE "public2"."sensor_deps" ADD CONSTRAINT "fk_rails_697116b781" FOREIGN KEY ("sensor_id") REFERENCES "public2"."ph2_sensors" ("id") ON DELETE NO ACTION ON UPDATE NO ACTION;
ALTER TABLE "public2"."sensor_deps" ADD CONSTRAINT "fk_rails_fb7993e906" FOREIGN KEY ("dep_id") REFERENCES "public2"."ph2_sensors" ("id") ON DELETE NO ACTION ON UPDATE NO ACTION;
